TRAIN,gs://images_repo_bdcc_train/img/00835f0fbe950715.jpg,Aircraft
TRAIN,gs://images_repo_bdcc_train/img/01635d30529455d0.jpg,Aircraft
TRAIN,gs://images_repo_bdcc_train/img/01d4c269fd96589d.jpg,Aircraft
TRAIN,gs://images_repo_bdcc_train/img/02dae28bbf4d02b0.jpg,Aircraft
TRAIN,gs://images_repo_bdcc_train/img/0300e59281a86403.jpg,Aircraft
TRAIN,gs://images_repo_bdcc_train/img/0317e581988fb533.jpg,Aircraft
TRAIN,gs://images_repo_bdcc_train/img/0432503d7d6f9b42.jpg,Aircraft
TRAIN,gs://images_repo_bdcc_train/img/04af13c8a282bd4f.jpg,Aircraft
TRAIN,gs://images_repo_bdcc_train/img/04d39811b8466ade.jpg,Aircraft
TRAIN,gs://images_repo_bdcc_train/img/050850ece13f02fd.jpg,Aircraft
TRAIN,gs://images_repo_bdcc_train/img/05207c3f65db7b90.jpg,Aircraft
TRAIN,gs://images_repo_bdcc_train/img/053164834b735760.jpg,Aircraft
TRAIN,gs://images_repo_bdcc_train/img/0536deb7d8972154.jpg,Aircraft
TRAIN,gs://images_repo_bdcc_train/img/05638c868cecf3db.jpg,Aircraft
TRAIN,gs://images_repo_bdcc_train/img/057d41f287cecf96.jpg,Aircraft
TRAIN,gs://images_repo_bdcc_train/img/06ab1cdfd1816bc7.jpg,Aircraft
TRAIN,gs://images_repo_bdcc_train/img/06c0d3758c86dd9c.jpg,Aircraft
TRAIN,gs://images_repo_bdcc_train/img/07007a0ea3f9bace.jpg,Aircraft
TRAIN,gs://images_repo_bdcc_train/img/07b30794f220e634.jpg,Aircraft
TRAIN,gs://images_repo_bdcc_train/img/07cd64a3367631ad.jpg,Aircraft
TRAIN,gs://images_repo_bdcc_train/img/07d88b52ed60bc65.jpg,Aircraft
TRAIN,gs://images_repo_bdcc_train/img/0891a69976644071.jpg,Aircraft
TRAIN,gs://images_repo_bdcc_train/img/093c7d345895c979.jpg,Aircraft
TRAIN,gs://images_repo_bdcc_train/img/09ca9f63875fc2ef.jpg,Aircraft
TRAIN,gs://images_repo_bdcc_train/img/09feea00236890b2.jpg,Aircraft
TRAIN,gs://images_repo_bdcc_train/img/0a5bc77b6d2f25d0.jpg,Aircraft
TRAIN,gs://images_repo_bdcc_train/img/0b5df476f1e540dd.jpg,Aircraft
TRAIN,gs://images_repo_bdcc_train/img/0b679ffe819c1799.jpg,Aircraft
TRAIN,gs://images_repo_bdcc_train/img/0bf3e3a19bf25ae1.jpg,Aircraft
TRAIN,gs://images_repo_bdcc_train/img/0d1c0cbd7ba4a93b.jpg,Aircraft
TRAIN,gs://images_repo_bdcc_train/img/0d5b5ae013123045.jpg,Aircraft
TRAIN,gs://images_repo_bdcc_train/img/0d5f410dd2689842.jpg,Aircraft
TRAIN,gs://images_repo_bdcc_train/img/0e6a900d8a33ba98.jpg,Aircraft
TRAIN,gs://images_repo_bdcc_train/img/0e92adcf1eb1d2ac.jpg,Aircraft
TRAIN,gs://images_repo_bdcc_train/img/0ee3373f0e9e0dce.jpg,Aircraft
TRAIN,gs://images_repo_bdcc_train/img/0ee5854a2a6b085c.jpg,Aircraft
TRAIN,gs://images_repo_bdcc_train/img/0f0f6e9d8badbf89.jpg,Aircraft
TRAIN,gs://images_repo_bdcc_train/img/0f8e9ce37dcb2428.jpg,Aircraft
TRAIN,gs://images_repo_bdcc_train/img/0fcaf53443bd7a03.jpg,Aircraft
TRAIN,gs://images_repo_bdcc_train/img/100990c77937b284.jpg,Aircraft
TRAIN,gs://images_repo_bdcc_train/img/10b81c2fe4ed90f5.jpg,Aircraft
TRAIN,gs://images_repo_bdcc_train/img/115487c94e8c1405.jpg,Aircraft
TRAIN,gs://images_repo_bdcc_train/img/118a7aa0c1112e2d.jpg,Aircraft
TRAIN,gs://images_repo_bdcc_train/img/13127308dc561f10.jpg,Aircraft
TRAIN,gs://images_repo_bdcc_train/img/13cee317021a53d3.jpg,Aircraft
TRAIN,gs://images_repo_bdcc_train/img/14b97c5a7e24dc52.jpg,Aircraft
TRAIN,gs://images_repo_bdcc_train/img/14fdc237cb7e2641.jpg,Aircraft
TRAIN,gs://images_repo_bdcc_train/img/15053ab4de81f336.jpg,Aircraft
TRAIN,gs://images_repo_bdcc_train/img/1557eb6534064731.jpg,Aircraft
TRAIN,gs://images_repo_bdcc_train/img/158ddc743370faa9.jpg,Aircraft
TRAIN,gs://images_repo_bdcc_train/img/162ac22fcb7abe76.jpg,Aircraft
TRAIN,gs://images_repo_bdcc_train/img/16aff35c5c0b627d.jpg,Aircraft
TRAIN,gs://images_repo_bdcc_train/img/17576c3ace83d9ce.jpg,Aircraft
TRAIN,gs://images_repo_bdcc_train/img/179855bc5d68563c.jpg,Aircraft
TRAIN,gs://images_repo_bdcc_train/img/17d9880f9d3195ed.jpg,Aircraft
TRAIN,gs://images_repo_bdcc_train/img/187db8bb1f8435ca.jpg,Aircraft
TRAIN,gs://images_repo_bdcc_train/img/19793d905927281a.jpg,Aircraft
TRAIN,gs://images_repo_bdcc_train/img/198dc37e29d25ebd.jpg,Aircraft
TRAIN,gs://images_repo_bdcc_train/img/1a1fb878502a9782.jpg,Aircraft
TRAIN,gs://images_repo_bdcc_train/img/1b2d94cfd2653a97.jpg,Aircraft
TRAIN,gs://images_repo_bdcc_train/img/1b5c3d52b4ef1f5a.jpg,Aircraft
TRAIN,gs://images_repo_bdcc_train/img/1b6b98c67c99768e.jpg,Aircraft
TRAIN,gs://images_repo_bdcc_train/img/1ba58a750057d1c4.jpg,Aircraft
TRAIN,gs://images_repo_bdcc_train/img/1c736f1c3c375c5c.jpg,Aircraft
TRAIN,gs://images_repo_bdcc_train/img/1c7acf5e900ba294.jpg,Aircraft
TRAIN,gs://images_repo_bdcc_train/img/1cc65f309cf46775.jpg,Aircraft
TRAIN,gs://images_repo_bdcc_train/img/1d4d0848b6e2d9e0.jpg,Aircraft
TRAIN,gs://images_repo_bdcc_train/img/1d5f4c873ded89bb.jpg,Aircraft
TRAIN,gs://images_repo_bdcc_train/img/1e4c95731f75a79d.jpg,Aircraft
TRAIN,gs://images_repo_bdcc_train/img/1fc9ceb7f2dcc386.jpg,Aircraft
TRAIN,gs://images_repo_bdcc_train/img/20560ace5b987bee.jpg,Aircraft
TRAIN,gs://images_repo_bdcc_train/img/208205ba0d290b49.jpg,Aircraft
TRAIN,gs://images_repo_bdcc_train/img/222bff78cdd00b07.jpg,Aircraft
TRAIN,gs://images_repo_bdcc_train/img/2236feb67608993f.jpg,Aircraft
TRAIN,gs://images_repo_bdcc_train/img/22a04b18c13fe449.jpg,Aircraft
TRAIN,gs://images_repo_bdcc_train/img/22a7443a77b1f968.jpg,Aircraft
TRAIN,gs://images_repo_bdcc_train/img/22b9ad884a5311f6.jpg,Aircraft
TRAIN,gs://images_repo_bdcc_train/img/22f2b91b0786bff2.jpg,Aircraft
TRAIN,gs://images_repo_bdcc_train/img/2354581a88550dde.jpg,Aircraft
TRAIN,gs://images_repo_bdcc_train/img/23c90df41e0b50a1.jpg,Aircraft
VALIDATION,gs://images_repo_bdcc_train/img/24c2f130e2e193c2.jpg,Aircraft
VALIDATION,gs://images_repo_bdcc_train/img/24d292f5099ae522.jpg,Aircraft
VALIDATION,gs://images_repo_bdcc_train/img/2504d36495881898.jpg,Aircraft
VALIDATION,gs://images_repo_bdcc_train/img/254cab6808d3c92d.jpg,Aircraft
VALIDATION,gs://images_repo_bdcc_train/img/25cfaa80c04a81fe.jpg,Aircraft
VALIDATION,gs://images_repo_bdcc_train/img/26424241e81f5252.jpg,Aircraft
VALIDATION,gs://images_repo_bdcc_train/img/2657fe03344fe0cf.jpg,Aircraft
VALIDATION,gs://images_repo_bdcc_train/img/2901904af9d47ed2.jpg,Aircraft
VALIDATION,gs://images_repo_bdcc_train/img/297c7a3abf85326c.jpg,Aircraft
VALIDATION,gs://images_repo_bdcc_train/img/29d470fce985e2d0.jpg,Aircraft
TEST,gs://images_repo_bdcc_train/img/2a60c8cec1b2e6c0.jpg,Aircraft
TEST,gs://images_repo_bdcc_train/img/2a9918bdaee353f0.jpg,Aircraft
TEST,gs://images_repo_bdcc_train/img/2ab62594440fab78.jpg,Aircraft
TEST,gs://images_repo_bdcc_train/img/2bedcf76ac58a39b.jpg,Aircraft
TEST,gs://images_repo_bdcc_train/img/2c9e37295c1736d2.jpg,Aircraft
TEST,gs://images_repo_bdcc_train/img/2cfe989087444024.jpg,Aircraft
TEST,gs://images_repo_bdcc_train/img/2d7b55c937cafb0c.jpg,Aircraft
TEST,gs://images_repo_bdcc_train/img/2d9e7430d2cde391.jpg,Aircraft
TEST,gs://images_repo_bdcc_train/img/2e251ce8190591ff.jpg,Aircraft
TEST,gs://images_repo_bdcc_train/img/2ef9e59f444b7a2c.jpg,Aircraft
TRAIN,gs://images_repo_bdcc_train/img/001d1da154d00e83.jpg,Bicycle
TRAIN,gs://images_repo_bdcc_train/img/003c2b6816ba9d22.jpg,Bicycle
TRAIN,gs://images_repo_bdcc_train/img/00733b95ebfa566a.jpg,Bicycle
TRAIN,gs://images_repo_bdcc_train/img/00ca18f0b632408b.jpg,Bicycle
TRAIN,gs://images_repo_bdcc_train/img/00ff4086155934c3.jpg,Bicycle
TRAIN,gs://images_repo_bdcc_train/img/0134e4c71ff2dd8a.jpg,Bicycle
TRAIN,gs://images_repo_bdcc_train/img/013fa6325ed13380.jpg,Bicycle
TRAIN,gs://images_repo_bdcc_train/img/01afd648a4376160.jpg,Bicycle
TRAIN,gs://images_repo_bdcc_train/img/02211e9fd1fd1a0b.jpg,Bicycle
TRAIN,gs://images_repo_bdcc_train/img/0238b08a9e909615.jpg,Bicycle
TRAIN,gs://images_repo_bdcc_train/img/028b4e49b14c17d5.jpg,Bicycle
TRAIN,gs://images_repo_bdcc_train/img/030712a09dfea6e0.jpg,Bicycle
TRAIN,gs://images_repo_bdcc_train/img/032626ad22246dea.jpg,Bicycle
TRAIN,gs://images_repo_bdcc_train/img/039237c49fd32bc1.jpg,Bicycle
TRAIN,gs://images_repo_bdcc_train/img/03ca6ad93a6b77f2.jpg,Bicycle
TRAIN,gs://images_repo_bdcc_train/img/03dc14885fc31cb2.jpg,Bicycle
TRAIN,gs://images_repo_bdcc_train/img/03ecaf861f54052e.jpg,Bicycle
TRAIN,gs://images_repo_bdcc_train/img/04ef633c41462641.jpg,Bicycle
TRAIN,gs://images_repo_bdcc_train/img/04fd3d60a4470e2d.jpg,Bicycle
TRAIN,gs://images_repo_bdcc_train/img/0662bba230de26be.jpg,Bicycle
TRAIN,gs://images_repo_bdcc_train/img/06e1897b3e55ef81.jpg,Bicycle
TRAIN,gs://images_repo_bdcc_train/img/074694b2b06afaa9.jpg,Bicycle
TRAIN,gs://images_repo_bdcc_train/img/07a23b4ca59c2c26.jpg,Bicycle
TRAIN,gs://images_repo_bdcc_train/img/07d640546453776d.jpg,Bicycle
TRAIN,gs://images_repo_bdcc_train/img/08360cb5ad873a7d.jpg,Bicycle
TRAIN,gs://images_repo_bdcc_train/img/087b1062dc719626.jpg,Bicycle
TRAIN,gs://images_repo_bdcc_train/img/08ba24120b512b92.jpg,Bicycle
TRAIN,gs://images_repo_bdcc_train/img/092c979e8dbe8d71.jpg,Bicycle
TRAIN,gs://images_repo_bdcc_train/img/0957f84aecdf874d.jpg,Bicycle
TRAIN,gs://images_repo_bdcc_train/img/0a006f8f53abe6f3.jpg,Bicycle
TRAIN,gs://images_repo_bdcc_train/img/0aab7455155030cf.jpg,Bicycle
TRAIN,gs://images_repo_bdcc_train/img/0af7ea4cedd9727f.jpg,Bicycle
TRAIN,gs://images_repo_bdcc_train/img/0bdc378272c98063.jpg,Bicycle
TRAIN,gs://images_repo_bdcc_train/img/0c04767d5c29923c.jpg,Bicycle
TRAIN,gs://images_repo_bdcc_train/img/0c68315d4dd99c4a.jpg,Bicycle
TRAIN,gs://images_repo_bdcc_train/img/0c72c95ee8e4c6e6.jpg,Bicycle
TRAIN,gs://images_repo_bdcc_train/img/0c7ba550abe68e59.jpg,Bicycle
TRAIN,gs://images_repo_bdcc_train/img/0caafe50e3258dd3.jpg,Bicycle
TRAIN,gs://images_repo_bdcc_train/img/0cd7694544c896db.jpg,Bicycle
TRAIN,gs://images_repo_bdcc_train/img/0d1902a8a0ccab84.jpg,Bicycle
TRAIN,gs://images_repo_bdcc_train/img/0d491b770c084be9.jpg,Bicycle
TRAIN,gs://images_repo_bdcc_train/img/0da92f48a10f95c0.jpg,Bicycle
TRAIN,gs://images_repo_bdcc_train/img/0e0625e9e1bd200d.jpg,Bicycle
TRAIN,gs://images_repo_bdcc_train/img/0e35b13e6a1bc70e.jpg,Bicycle
TRAIN,gs://images_repo_bdcc_train/img/0e4b38649a86962a.jpg,Bicycle
TRAIN,gs://images_repo_bdcc_train/img/0e51fef7465e75ab.jpg,Bicycle
TRAIN,gs://images_repo_bdcc_train/img/0ee82ba833b2fbfe.jpg,Bicycle
TRAIN,gs://images_repo_bdcc_train/img/0eeac3a4cb1a6992.jpg,Bicycle
TRAIN,gs://images_repo_bdcc_train/img/0f1a4506c1ada576.jpg,Bicycle
TRAIN,gs://images_repo_bdcc_train/img/0f5457c1d86ab7b4.jpg,Bicycle
TRAIN,gs://images_repo_bdcc_train/img/0fa94e82b3bd39ae.jpg,Bicycle
TRAIN,gs://images_repo_bdcc_train/img/101868ede49d876b.jpg,Bicycle
TRAIN,gs://images_repo_bdcc_train/img/10452b99ef418462.jpg,Bicycle
TRAIN,gs://images_repo_bdcc_train/img/107842fe2ec8f05c.jpg,Bicycle
TRAIN,gs://images_repo_bdcc_train/img/1121ce4fa2829c32.jpg,Bicycle
TRAIN,gs://images_repo_bdcc_train/img/118de39bd14b87b4.jpg,Bicycle
TRAIN,gs://images_repo_bdcc_train/img/126f9b413309aa4c.jpg,Bicycle
TRAIN,gs://images_repo_bdcc_train/img/128a8352e0d3944a.jpg,Bicycle
TRAIN,gs://images_repo_bdcc_train/img/12d1d6cb01a346b6.jpg,Bicycle
TRAIN,gs://images_repo_bdcc_train/img/12d8c0e031b0a447.jpg,Bicycle
TRAIN,gs://images_repo_bdcc_train/img/12deb82e3e5913bf.jpg,Bicycle
TRAIN,gs://images_repo_bdcc_train/img/13c5e4b5b07c7fb1.jpg,Bicycle
TRAIN,gs://images_repo_bdcc_train/img/13f0417ed3a015a6.jpg,Bicycle
TRAIN,gs://images_repo_bdcc_train/img/13fb10a6d2718757.jpg,Bicycle
TRAIN,gs://images_repo_bdcc_train/img/1481ab26f82cbfa7.jpg,Bicycle
TRAIN,gs://images_repo_bdcc_train/img/14971455d7b41321.jpg,Bicycle
TRAIN,gs://images_repo_bdcc_train/img/1524b0919466c2f1.jpg,Bicycle
TRAIN,gs://images_repo_bdcc_train/img/154067c4f163369d.jpg,Bicycle
TRAIN,gs://images_repo_bdcc_train/img/1554f6fd493281ec.jpg,Bicycle
TRAIN,gs://images_repo_bdcc_train/img/15c62a3470fcc501.jpg,Bicycle
TRAIN,gs://images_repo_bdcc_train/img/169405d5a5319492.jpg,Bicycle
TRAIN,gs://images_repo_bdcc_train/img/16e09bf18e5c37f1.jpg,Bicycle
TRAIN,gs://images_repo_bdcc_train/img/16ea6822039fd9e5.jpg,Bicycle
TRAIN,gs://images_repo_bdcc_train/img/171b328f1c63c1d6.jpg,Bicycle
TRAIN,gs://images_repo_bdcc_train/img/173d6fa712870904.jpg,Bicycle
TRAIN,gs://images_repo_bdcc_train/img/174ed1ad9075eee8.jpg,Bicycle
TRAIN,gs://images_repo_bdcc_train/img/177b07564e5e03a9.jpg,Bicycle
TRAIN,gs://images_repo_bdcc_train/img/17f6e8ddc732f015.jpg,Bicycle
TRAIN,gs://images_repo_bdcc_train/img/183a6bef0be4de52.jpg,Bicycle
TRAIN,gs://images_repo_bdcc_train/img/184deeccadf350f9.jpg,Bicycle
VALIDATION,gs://images_repo_bdcc_train/img/187a3f8608717e81.jpg,Bicycle
VALIDATION,gs://images_repo_bdcc_train/img/18bd49372c15d586.jpg,Bicycle
VALIDATION,gs://images_repo_bdcc_train/img/193f3f25a8fc77ac.jpg,Bicycle
VALIDATION,gs://images_repo_bdcc_train/img/19ce750d3c193b23.jpg,Bicycle
VALIDATION,gs://images_repo_bdcc_train/img/1a2361a14bf163e7.jpg,Bicycle
VALIDATION,gs://images_repo_bdcc_train/img/1acfe5d5c1111781.jpg,Bicycle
VALIDATION,gs://images_repo_bdcc_train/img/1af1ef59d2891ae6.jpg,Bicycle
VALIDATION,gs://images_repo_bdcc_train/img/1b28a7f8ac4d7956.jpg,Bicycle
VALIDATION,gs://images_repo_bdcc_train/img/1b4217c6dc0e96b0.jpg,Bicycle
VALIDATION,gs://images_repo_bdcc_train/img/1ba01a316a9d1480.jpg,Bicycle
TEST,gs://images_repo_bdcc_train/img/1c190e1ec9bf3d6a.jpg,Bicycle
TEST,gs://images_repo_bdcc_train/img/1c75e5e7104da318.jpg,Bicycle
TEST,gs://images_repo_bdcc_train/img/1cf7b6591e1681fe.jpg,Bicycle
TEST,gs://images_repo_bdcc_train/img/1cfbfcd3089e611e.jpg,Bicycle
TEST,gs://images_repo_bdcc_train/img/1d2d3266e4fb10fd.jpg,Bicycle
TEST,gs://images_repo_bdcc_train/img/1d3f8a7b5c94e736.jpg,Bicycle
TEST,gs://images_repo_bdcc_train/img/1d4349a1d5d56eef.jpg,Bicycle
TEST,gs://images_repo_bdcc_train/img/1dd20a828f8ba392.jpg,Bicycle
TEST,gs://images_repo_bdcc_train/img/1efdbec2cdc79cc0.jpg,Bicycle
TEST,gs://images_repo_bdcc_train/img/1f8c7b5798fc5545.jpg,Bicycle
TRAIN,gs://images_repo_bdcc_train/img/002200be72145198.jpg,Boat
TRAIN,gs://images_repo_bdcc_train/img/0025a6cccec41134.jpg,Boat
TRAIN,gs://images_repo_bdcc_train/img/003d4acb635f05b7.jpg,Boat
TRAIN,gs://images_repo_bdcc_train/img/00a9f6e69fd697b3.jpg,Boat
TRAIN,gs://images_repo_bdcc_train/img/00b3bf5fff874866.jpg,Boat
TRAIN,gs://images_repo_bdcc_train/img/022f3d093aeced7c.jpg,Boat
TRAIN,gs://images_repo_bdcc_train/img/024fb208337d48ad.jpg,Boat
TRAIN,gs://images_repo_bdcc_train/img/0250382927a9c897.jpg,Boat
TRAIN,gs://images_repo_bdcc_train/img/027c641af2ada700.jpg,Boat
TRAIN,gs://images_repo_bdcc_train/img/02914fda0e8fcf20.jpg,Boat
TRAIN,gs://images_repo_bdcc_train/img/029f8b61b5e14b47.jpg,Boat
TRAIN,gs://images_repo_bdcc_train/img/02bcda20b8856fc5.jpg,Boat
TRAIN,gs://images_repo_bdcc_train/img/02d4e541d177c24d.jpg,Boat
TRAIN,gs://images_repo_bdcc_train/img/02d57d3c74edcde1.jpg,Boat
TRAIN,gs://images_repo_bdcc_train/img/0310048b057262ad.jpg,Boat
TRAIN,gs://images_repo_bdcc_train/img/03ac8046540333bb.jpg,Boat
TRAIN,gs://images_repo_bdcc_train/img/03b0ae66725fdd4f.jpg,Boat
TRAIN,gs://images_repo_bdcc_train/img/03cb47e1461da9e6.jpg,Boat
TRAIN,gs://images_repo_bdcc_train/img/040e3416220f1f68.jpg,Boat
TRAIN,gs://images_repo_bdcc_train/img/0419f1476a7ff3ba.jpg,Boat
TRAIN,gs://images_repo_bdcc_train/img/042eaf600f7d2d89.jpg,Boat
TRAIN,gs://images_repo_bdcc_train/img/0430b0b5678b8129.jpg,Boat
TRAIN,gs://images_repo_bdcc_train/img/047a6615b8f58d4b.jpg,Boat
TRAIN,gs://images_repo_bdcc_train/img/04c96ce577b79243.jpg,Boat
TRAIN,gs://images_repo_bdcc_train/img/04e0964c06156a89.jpg,Boat
TRAIN,gs://images_repo_bdcc_train/img/051d7be70ecbda36.jpg,Boat
TRAIN,gs://images_repo_bdcc_train/img/05207c3f65db7b90.jpg,Boat
TRAIN,gs://images_repo_bdcc_train/img/053164834b735760.jpg,Boat
TRAIN,gs://images_repo_bdcc_train/img/0540c5d031611551.jpg,Boat
TRAIN,gs://images_repo_bdcc_train/img/0543fc451dad39b6.jpg,Boat
TRAIN,gs://images_repo_bdcc_train/img/0551ef1d3b60a1ca.jpg,Boat
TRAIN,gs://images_repo_bdcc_train/img/05661687100e9e02.jpg,Boat
TRAIN,gs://images_repo_bdcc_train/img/057bce56bfbbf5d6.jpg,Boat
TRAIN,gs://images_repo_bdcc_train/img/05cfc55b16cc2b14.jpg,Boat
TRAIN,gs://images_repo_bdcc_train/img/067b5a0af919aab7.jpg,Boat
TRAIN,gs://images_repo_bdcc_train/img/068d8e12553a71ae.jpg,Boat
TRAIN,gs://images_repo_bdcc_train/img/06a7e15f0bde2a2e.jpg,Boat
TRAIN,gs://images_repo_bdcc_train/img/06eb329da2a438df.jpg,Boat
TRAIN,gs://images_repo_bdcc_train/img/070b9e99bbccb9e3.jpg,Boat
TRAIN,gs://images_repo_bdcc_train/img/073f9ac4c2423249.jpg,Boat
TRAIN,gs://images_repo_bdcc_train/img/075c8b26363a07d9.jpg,Boat
TRAIN,gs://images_repo_bdcc_train/img/07d7b9e31b21c02b.jpg,Boat
TRAIN,gs://images_repo_bdcc_train/img/07e99bf5f06afa23.jpg,Boat
TRAIN,gs://images_repo_bdcc_train/img/07fa43729acbcf84.jpg,Boat
TRAIN,gs://images_repo_bdcc_train/img/080e6280e32e5642.jpg,Boat
TRAIN,gs://images_repo_bdcc_train/img/0815f1f66b63cbdb.jpg,Boat
TRAIN,gs://images_repo_bdcc_train/img/085714d40ae0cd09.jpg,Boat
TRAIN,gs://images_repo_bdcc_train/img/086938e79cb4acdd.jpg,Boat
TRAIN,gs://images_repo_bdcc_train/img/087972c8b894ab66.jpg,Boat
TRAIN,gs://images_repo_bdcc_train/img/087d26b0afcccfa0.jpg,Boat
TRAIN,gs://images_repo_bdcc_train/img/08b5ce9ec5bb6f6a.jpg,Boat
TRAIN,gs://images_repo_bdcc_train/img/08b625d16f4ba1e2.jpg,Boat
TRAIN,gs://images_repo_bdcc_train/img/08c20efc2c879da3.jpg,Boat
TRAIN,gs://images_repo_bdcc_train/img/08f0e94891f99528.jpg,Boat
TRAIN,gs://images_repo_bdcc_train/img/0922088eeed81e21.jpg,Boat
TRAIN,gs://images_repo_bdcc_train/img/094a11af1c6d031c.jpg,Boat
TRAIN,gs://images_repo_bdcc_train/img/095bce682fcc2c8e.jpg,Boat
TRAIN,gs://images_repo_bdcc_train/img/098950b346da9f55.jpg,Boat
TRAIN,gs://images_repo_bdcc_train/img/099a481ee7c5bb74.jpg,Boat
TRAIN,gs://images_repo_bdcc_train/img/09bd95bfed0e3f42.jpg,Boat
TRAIN,gs://images_repo_bdcc_train/img/09c63a120d899404.jpg,Boat
TRAIN,gs://images_repo_bdcc_train/img/09f8ef054832f9bf.jpg,Boat
TRAIN,gs://images_repo_bdcc_train/img/0a83a52ef65abe01.jpg,Boat
TRAIN,gs://images_repo_bdcc_train/img/0a88f90d336de327.jpg,Boat
TRAIN,gs://images_repo_bdcc_train/img/0ad7693198e95a40.jpg,Boat
TRAIN,gs://images_repo_bdcc_train/img/0afc7719da632962.jpg,Boat
TRAIN,gs://images_repo_bdcc_train/img/0b064592acaae176.jpg,Boat
TRAIN,gs://images_repo_bdcc_train/img/0b0e79034e64e08a.jpg,Boat
TRAIN,gs://images_repo_bdcc_train/img/0b1ec01b1063caac.jpg,Boat
TRAIN,gs://images_repo_bdcc_train/img/0b256e6605408619.jpg,Boat
TRAIN,gs://images_repo_bdcc_train/img/0b6d0cbda6ea159a.jpg,Boat
TRAIN,gs://images_repo_bdcc_train/img/0baf6aba16a13830.jpg,Boat
TRAIN,gs://images_repo_bdcc_train/img/0be31040b2e8c187.jpg,Boat
TRAIN,gs://images_repo_bdcc_train/img/0be7821cb97c5353.jpg,Boat
TRAIN,gs://images_repo_bdcc_train/img/0c15cb6b2fd7958d.jpg,Boat
TRAIN,gs://images_repo_bdcc_train/img/0c3240ecec541bfc.jpg,Boat
TRAIN,gs://images_repo_bdcc_train/img/0c6218aae7a8d579.jpg,Boat
TRAIN,gs://images_repo_bdcc_train/img/0c68233761347875.jpg,Boat
TRAIN,gs://images_repo_bdcc_train/img/0c8f4d72577e094f.jpg,Boat
TRAIN,gs://images_repo_bdcc_train/img/0cb1f8f87d9136c4.jpg,Boat
VALIDATION,gs://images_repo_bdcc_train/img/0cba449d27ea91d5.jpg,Boat
VALIDATION,gs://images_repo_bdcc_train/img/0cd0c0fe1491cb2f.jpg,Boat
VALIDATION,gs://images_repo_bdcc_train/img/0d2769d99c4ddbf6.jpg,Boat
VALIDATION,gs://images_repo_bdcc_train/img/0d35ff8c43832b05.jpg,Boat
VALIDATION,gs://images_repo_bdcc_train/img/0d548e87655648aa.jpg,Boat
VALIDATION,gs://images_repo_bdcc_train/img/0d6763e1e63a31df.jpg,Boat
VALIDATION,gs://images_repo_bdcc_train/img/0d676a36772ae3b1.jpg,Boat
VALIDATION,gs://images_repo_bdcc_train/img/0da8edd49e200e48.jpg,Boat
VALIDATION,gs://images_repo_bdcc_train/img/0e353d379a6de4b2.jpg,Boat
VALIDATION,gs://images_repo_bdcc_train/img/0e3ec9eda547398c.jpg,Boat
TEST,gs://images_repo_bdcc_train/img/0e5464185ce5f64c.jpg,Boat
TEST,gs://images_repo_bdcc_train/img/0e7554c028a21094.jpg,Boat
TEST,gs://images_repo_bdcc_train/img/0eb303c8d0dd07b7.jpg,Boat
TEST,gs://images_repo_bdcc_train/img/0ebc08df9323a51e.jpg,Boat
TEST,gs://images_repo_bdcc_train/img/0f1eb9fb77fbfed7.jpg,Boat
TEST,gs://images_repo_bdcc_train/img/0f2bd1731a55b134.jpg,Boat
TEST,gs://images_repo_bdcc_train/img/0f35be6267df295a.jpg,Boat
TEST,gs://images_repo_bdcc_train/img/0fb0f65890c85c99.jpg,Boat
TEST,gs://images_repo_bdcc_train/img/0fcd04e950c3b532.jpg,Boat
TEST,gs://images_repo_bdcc_train/img/0fed579211e2843b.jpg,Boat
TRAIN,gs://images_repo_bdcc_train/img/018d1fdb9e11b82b.jpg,Bus
TRAIN,gs://images_repo_bdcc_train/img/0223302c6dda41c2.jpg,Bus
TRAIN,gs://images_repo_bdcc_train/img/028c76143c64172c.jpg,Bus
TRAIN,gs://images_repo_bdcc_train/img/030265ffe2e90f50.jpg,Bus
TRAIN,gs://images_repo_bdcc_train/img/047f1a572e4069e5.jpg,Bus
TRAIN,gs://images_repo_bdcc_train/img/054566c63a073074.jpg,Bus
TRAIN,gs://images_repo_bdcc_train/img/05d5037b38fd5e73.jpg,Bus
TRAIN,gs://images_repo_bdcc_train/img/064776f01cff9c88.jpg,Bus
TRAIN,gs://images_repo_bdcc_train/img/06ffd088c92ce1a9.jpg,Bus
TRAIN,gs://images_repo_bdcc_train/img/08f02c7c8f1c97b6.jpg,Bus
TRAIN,gs://images_repo_bdcc_train/img/0b48a470997c7a9d.jpg,Bus
TRAIN,gs://images_repo_bdcc_train/img/0f9966ced9ba1c91.jpg,Bus
TRAIN,gs://images_repo_bdcc_train/img/0fc388dcebd4f56c.jpg,Bus
TRAIN,gs://images_repo_bdcc_train/img/0ff91acd327a7a9d.jpg,Bus
TRAIN,gs://images_repo_bdcc_train/img/10dcc32df491a0cc.jpg,Bus
TRAIN,gs://images_repo_bdcc_train/img/133bc343c8c19475.jpg,Bus
TRAIN,gs://images_repo_bdcc_train/img/1458a29b4d739b1b.jpg,Bus
TRAIN,gs://images_repo_bdcc_train/img/14af3c0293d3ebb9.jpg,Bus
TRAIN,gs://images_repo_bdcc_train/img/14dca26404ae4967.jpg,Bus
TRAIN,gs://images_repo_bdcc_train/img/156baa985ce2f38c.jpg,Bus
TRAIN,gs://images_repo_bdcc_train/img/163c53e8a92a265d.jpg,Bus
TRAIN,gs://images_repo_bdcc_train/img/16780a956f31c531.jpg,Bus
TRAIN,gs://images_repo_bdcc_train/img/16af828150a688d4.jpg,Bus
TRAIN,gs://images_repo_bdcc_train/img/185bf4cb765603c9.jpg,Bus
TRAIN,gs://images_repo_bdcc_train/img/18bdee7348320cfc.jpg,Bus
TRAIN,gs://images_repo_bdcc_train/img/18cc62890f70e419.jpg,Bus
TRAIN,gs://images_repo_bdcc_train/img/19d00d9e17c1f484.jpg,Bus
TRAIN,gs://images_repo_bdcc_train/img/19f45e9dbd02b333.jpg,Bus
TRAIN,gs://images_repo_bdcc_train/img/1bfad81d11fae1c2.jpg,Bus
TRAIN,gs://images_repo_bdcc_train/img/1e46de4cd35ba2cb.jpg,Bus
TRAIN,gs://images_repo_bdcc_train/img/1e77e36490ba8249.jpg,Bus
TRAIN,gs://images_repo_bdcc_train/img/1f31b28868a49d1b.jpg,Bus
TRAIN,gs://images_repo_bdcc_train/img/20150a1ef8b6cc92.jpg,Bus
TRAIN,gs://images_repo_bdcc_train/img/20732af84c278db0.jpg,Bus
TRAIN,gs://images_repo_bdcc_train/img/20a0057f0ffccb45.jpg,Bus
TRAIN,gs://images_repo_bdcc_train/img/20d5e256ac11a7af.jpg,Bus
TRAIN,gs://images_repo_bdcc_train/img/216820b69c308538.jpg,Bus
TRAIN,gs://images_repo_bdcc_train/img/21f2a08958413105.jpg,Bus
TRAIN,gs://images_repo_bdcc_train/img/229825914163efcf.jpg,Bus
TRAIN,gs://images_repo_bdcc_train/img/23e0aec766013570.jpg,Bus
TRAIN,gs://images_repo_bdcc_train/img/2461167f1414ff3c.jpg,Bus
TRAIN,gs://images_repo_bdcc_train/img/2556062762c5bfe7.jpg,Bus
TRAIN,gs://images_repo_bdcc_train/img/25aaba447bb5417f.jpg,Bus
TRAIN,gs://images_repo_bdcc_train/img/2663488abe4343d4.jpg,Bus
TRAIN,gs://images_repo_bdcc_train/img/28b34aa5f38432c0.jpg,Bus
TRAIN,gs://images_repo_bdcc_train/img/2bdc6b0d948c0576.jpg,Bus
TRAIN,gs://images_repo_bdcc_train/img/2c0383b997b4f92c.jpg,Bus
TRAIN,gs://images_repo_bdcc_train/img/2c60d639e1d0f77d.jpg,Bus
TRAIN,gs://images_repo_bdcc_train/img/2cadc00cdddc87cc.jpg,Bus
TRAIN,gs://images_repo_bdcc_train/img/2e65943606d61659.jpg,Bus
TRAIN,gs://images_repo_bdcc_train/img/2f21cfb42ace2684.jpg,Bus
TRAIN,gs://images_repo_bdcc_train/img/2f40ab58547016e5.jpg,Bus
TRAIN,gs://images_repo_bdcc_train/img/30028a323223f505.jpg,Bus
TRAIN,gs://images_repo_bdcc_train/img/3145461633eeb6e6.jpg,Bus
TRAIN,gs://images_repo_bdcc_train/img/315e324eda8c98cd.jpg,Bus
TRAIN,gs://images_repo_bdcc_train/img/31b323e3c8e7c68e.jpg,Bus
TRAIN,gs://images_repo_bdcc_train/img/31de25424e74c9e9.jpg,Bus
TRAIN,gs://images_repo_bdcc_train/img/32ce849073469f8f.jpg,Bus
TRAIN,gs://images_repo_bdcc_train/img/33bda38cc13e5cde.jpg,Bus
TRAIN,gs://images_repo_bdcc_train/img/35cf3f432d54db50.jpg,Bus
TRAIN,gs://images_repo_bdcc_train/img/361cb196af515d21.jpg,Bus
TRAIN,gs://images_repo_bdcc_train/img/37a129bda5f33778.jpg,Bus
TRAIN,gs://images_repo_bdcc_train/img/37ddd2c1b4e82033.jpg,Bus
TRAIN,gs://images_repo_bdcc_train/img/37e5d6ed12a7b71e.jpg,Bus
TRAIN,gs://images_repo_bdcc_train/img/38057e36fce4d356.jpg,Bus
TRAIN,gs://images_repo_bdcc_train/img/399729ccad81f9fb.jpg,Bus
TRAIN,gs://images_repo_bdcc_train/img/3a5dee1a35b442fa.jpg,Bus
TRAIN,gs://images_repo_bdcc_train/img/3aa71dd0894590b4.jpg,Bus
TRAIN,gs://images_repo_bdcc_train/img/3b23b0668f9e3569.jpg,Bus
TRAIN,gs://images_repo_bdcc_train/img/3cf6a90d4c28eb71.jpg,Bus
TRAIN,gs://images_repo_bdcc_train/img/3d76ccef01e04de5.jpg,Bus
TRAIN,gs://images_repo_bdcc_train/img/3dc9d763270c26cc.jpg,Bus
TRAIN,gs://images_repo_bdcc_train/img/401401ad3c3a7a54.jpg,Bus
TRAIN,gs://images_repo_bdcc_train/img/43c8fded18761d64.jpg,Bus
TRAIN,gs://images_repo_bdcc_train/img/452f1b252009e890.jpg,Bus
TRAIN,gs://images_repo_bdcc_train/img/4563895bd04fc864.jpg,Bus
TRAIN,gs://images_repo_bdcc_train/img/4592e15aeaa849d2.jpg,Bus
TRAIN,gs://images_repo_bdcc_train/img/4614405aa41f8bb6.jpg,Bus
TRAIN,gs://images_repo_bdcc_train/img/46a5dab12fb7ee72.jpg,Bus
TRAIN,gs://images_repo_bdcc_train/img/4728d08f71017579.jpg,Bus
VALIDATION,gs://images_repo_bdcc_train/img/4c1dd11e3e057428.jpg,Bus
VALIDATION,gs://images_repo_bdcc_train/img/4ca3431d3b50a948.jpg,Bus
VALIDATION,gs://images_repo_bdcc_train/img/4e2b3b52195d3919.jpg,Bus
VALIDATION,gs://images_repo_bdcc_train/img/4eaef1422b943239.jpg,Bus
VALIDATION,gs://images_repo_bdcc_train/img/5177da9960ab6e14.jpg,Bus
VALIDATION,gs://images_repo_bdcc_train/img/5182739d64a53f73.jpg,Bus
VALIDATION,gs://images_repo_bdcc_train/img/53de5e0c3eb4e587.jpg,Bus
VALIDATION,gs://images_repo_bdcc_train/img/5490934303d1084d.jpg,Bus
VALIDATION,gs://images_repo_bdcc_train/img/5491473d6b7b24aa.jpg,Bus
VALIDATION,gs://images_repo_bdcc_train/img/54a09ce6ba15693d.jpg,Bus
TEST,gs://images_repo_bdcc_train/img/55f3c8a8c68f28ec.jpg,Bus
TEST,gs://images_repo_bdcc_train/img/560b29c62c41e94d.jpg,Bus
TEST,gs://images_repo_bdcc_train/img/56813f51a45c2352.jpg,Bus
TEST,gs://images_repo_bdcc_train/img/5683d2e8916ec42f.jpg,Bus
TEST,gs://images_repo_bdcc_train/img/56d2c102ef93e311.jpg,Bus
TEST,gs://images_repo_bdcc_train/img/57af1ee82c32bd15.jpg,Bus
TEST,gs://images_repo_bdcc_train/img/58e627a85fc1ae69.jpg,Bus
TEST,gs://images_repo_bdcc_train/img/596e5152efae6084.jpg,Bus
TEST,gs://images_repo_bdcc_train/img/59eeec3ba9cd8bcd.jpg,Bus
TEST,gs://images_repo_bdcc_train/img/5b7a1179c0038a0f.jpg,Bus
TRAIN,gs://images_repo_bdcc_train/img/0000c64e1253d68f.jpg,Car
TRAIN,gs://images_repo_bdcc_train/img/001547e7ef44a7d8.jpg,Car
TRAIN,gs://images_repo_bdcc_train/img/0017da7a364de4a5.jpg,Car
TRAIN,gs://images_repo_bdcc_train/img/00186cd93b82866e.jpg,Car
TRAIN,gs://images_repo_bdcc_train/img/001cfa87e56b76a1.jpg,Car
TRAIN,gs://images_repo_bdcc_train/img/001dc1a88f4bac12.jpg,Car
TRAIN,gs://images_repo_bdcc_train/img/001eb42ffe74be81.jpg,Car
TRAIN,gs://images_repo_bdcc_train/img/001efdd4bdffbfc7.jpg,Car
TRAIN,gs://images_repo_bdcc_train/img/001f95237e94b3db.jpg,Car
TRAIN,gs://images_repo_bdcc_train/img/00220bebad614827.jpg,Car
TRAIN,gs://images_repo_bdcc_train/img/0022601d70752de3.jpg,Car
TRAIN,gs://images_repo_bdcc_train/img/00233e61f68461f5.jpg,Car
TRAIN,gs://images_repo_bdcc_train/img/00284b14d2aebb4d.jpg,Car
TRAIN,gs://images_repo_bdcc_train/img/002934e5712ba154.jpg,Car
TRAIN,gs://images_repo_bdcc_train/img/002afe9e08cc03b1.jpg,Car
TRAIN,gs://images_repo_bdcc_train/img/002f5082ace5d2b0.jpg,Car
TRAIN,gs://images_repo_bdcc_train/img/003625d619697583.jpg,Car
TRAIN,gs://images_repo_bdcc_train/img/004421e64e1be85b.jpg,Car
TRAIN,gs://images_repo_bdcc_train/img/005060d96c235319.jpg,Car
TRAIN,gs://images_repo_bdcc_train/img/0050642479c69116.jpg,Car
TRAIN,gs://images_repo_bdcc_train/img/0055c8f0164b3b2d.jpg,Car
TRAIN,gs://images_repo_bdcc_train/img/005db64b7bfc26bb.jpg,Car
TRAIN,gs://images_repo_bdcc_train/img/005dbb6142f6693b.jpg,Car
TRAIN,gs://images_repo_bdcc_train/img/005ed150c8f09ea3.jpg,Car
TRAIN,gs://images_repo_bdcc_train/img/0061d4f01e42f908.jpg,Car
TRAIN,gs://images_repo_bdcc_train/img/006385dd7df1652c.jpg,Car
TRAIN,gs://images_repo_bdcc_train/img/006526e6627b8b84.jpg,Car
TRAIN,gs://images_repo_bdcc_train/img/0068e3cd743ca5e9.jpg,Car
TRAIN,gs://images_repo_bdcc_train/img/006f315121023f91.jpg,Car
TRAIN,gs://images_repo_bdcc_train/img/00733b95ebfa566a.jpg,Car
TRAIN,gs://images_repo_bdcc_train/img/007a517cacd7f053.jpg,Car
TRAIN,gs://images_repo_bdcc_train/img/007b2b754dc72382.jpg,Car
TRAIN,gs://images_repo_bdcc_train/img/007b9cad3e996e06.jpg,Car
TRAIN,gs://images_repo_bdcc_train/img/007cae31ad106eac.jpg,Car
TRAIN,gs://images_repo_bdcc_train/img/0089c490282ac05f.jpg,Car
TRAIN,gs://images_repo_bdcc_train/img/0089fabf617de1e6.jpg,Car
TRAIN,gs://images_repo_bdcc_train/img/008f009f3c83b480.jpg,Car
TRAIN,gs://images_repo_bdcc_train/img/008f80eb30f8ef54.jpg,Car
TRAIN,gs://images_repo_bdcc_train/img/009c2246282022a9.jpg,Car
TRAIN,gs://images_repo_bdcc_train/img/009f2d020ce04f49.jpg,Car
TRAIN,gs://images_repo_bdcc_train/img/00a4e2347de87aea.jpg,Car
TRAIN,gs://images_repo_bdcc_train/img/00a5679940461f10.jpg,Car
TRAIN,gs://images_repo_bdcc_train/img/00a8014df2207b5d.jpg,Car
TRAIN,gs://images_repo_bdcc_train/img/00a841f0611c28fb.jpg,Car
TRAIN,gs://images_repo_bdcc_train/img/00a9ab66f8431dd6.jpg,Car
TRAIN,gs://images_repo_bdcc_train/img/00a9f1817594f581.jpg,Car
TRAIN,gs://images_repo_bdcc_train/img/00aa934b6ad5297a.jpg,Car
TRAIN,gs://images_repo_bdcc_train/img/00ac7126e6e3fc39.jpg,Car
TRAIN,gs://images_repo_bdcc_train/img/00acbd16792f2b25.jpg,Car
TRAIN,gs://images_repo_bdcc_train/img/00ada699192e8030.jpg,Car
TRAIN,gs://images_repo_bdcc_train/img/00aea52c2f4e5a03.jpg,Car
TRAIN,gs://images_repo_bdcc_train/img/00b39653add898a0.jpg,Car
TRAIN,gs://images_repo_bdcc_train/img/00bbd1bee8f7eea1.jpg,Car
TRAIN,gs://images_repo_bdcc_train/img/00c8891d88ff36c1.jpg,Car
TRAIN,gs://images_repo_bdcc_train/img/00d5e1b2b962aad8.jpg,Car
TRAIN,gs://images_repo_bdcc_train/img/00d66c079e4acaff.jpg,Car
TRAIN,gs://images_repo_bdcc_train/img/00d8bf5411fdfe51.jpg,Car
TRAIN,gs://images_repo_bdcc_train/img/00dababf772c58ec.jpg,Car
TRAIN,gs://images_repo_bdcc_train/img/00ddce4199d3b31c.jpg,Car
TRAIN,gs://images_repo_bdcc_train/img/00e7d613216e482e.jpg,Car
TRAIN,gs://images_repo_bdcc_train/img/00f64af0069b56d5.jpg,Car
TRAIN,gs://images_repo_bdcc_train/img/00f7ee936ad4de25.jpg,Car
TRAIN,gs://images_repo_bdcc_train/img/00fa9f753c8c35b3.jpg,Car
TRAIN,gs://images_repo_bdcc_train/img/00fae90cf0d27dcf.jpg,Car
TRAIN,gs://images_repo_bdcc_train/img/00fb03e524c40d66.jpg,Car
TRAIN,gs://images_repo_bdcc_train/img/00ff185256c0dc67.jpg,Car
TRAIN,gs://images_repo_bdcc_train/img/010986f44f36214a.jpg,Car
TRAIN,gs://images_repo_bdcc_train/img/010e9b4243809546.jpg,Car
TRAIN,gs://images_repo_bdcc_train/img/0113b62272e9fada.jpg,Car
TRAIN,gs://images_repo_bdcc_train/img/0113c330c2fa1779.jpg,Car
TRAIN,gs://images_repo_bdcc_train/img/0116b69b0eaedaaf.jpg,Car
TRAIN,gs://images_repo_bdcc_train/img/01223353c774b4f4.jpg,Car
TRAIN,gs://images_repo_bdcc_train/img/0125f15ad93205bf.jpg,Car
TRAIN,gs://images_repo_bdcc_train/img/0125fb0d572611a3.jpg,Car
TRAIN,gs://images_repo_bdcc_train/img/0133bac54fa0e077.jpg,Car
TRAIN,gs://images_repo_bdcc_train/img/01379cf46eeb6b97.jpg,Car
TRAIN,gs://images_repo_bdcc_train/img/01410fe3dbca7a01.jpg,Car
TRAIN,gs://images_repo_bdcc_train/img/0144e6262e62d196.jpg,Car
TRAIN,gs://images_repo_bdcc_train/img/014d078c2ea75e4c.jpg,Car
TRAIN,gs://images_repo_bdcc_train/img/0150556ceacaa3a8.jpg,Car
VALIDATION,gs://images_repo_bdcc_train/img/0153323f258acf15.jpg,Car
VALIDATION,gs://images_repo_bdcc_train/img/0159fb6158080c5b.jpg,Car
VALIDATION,gs://images_repo_bdcc_train/img/015df3fbcf17d6fe.jpg,Car
VALIDATION,gs://images_repo_bdcc_train/img/015ee313d5aca6fd.jpg,Car
VALIDATION,gs://images_repo_bdcc_train/img/0161f344e3253bed.jpg,Car
VALIDATION,gs://images_repo_bdcc_train/img/0166bf8f6b1ab38a.jpg,Car
VALIDATION,gs://images_repo_bdcc_train/img/016b450fe116e01d.jpg,Car
VALIDATION,gs://images_repo_bdcc_train/img/016bc75fcfc8b2a4.jpg,Car
VALIDATION,gs://images_repo_bdcc_train/img/016f4eb81a38a5cc.jpg,Car
VALIDATION,gs://images_repo_bdcc_train/img/0171276eb2a9d1c9.jpg,Car
TEST,gs://images_repo_bdcc_train/img/01757b2808aa9954.jpg,Car
TEST,gs://images_repo_bdcc_train/img/0178045107080d21.jpg,Car
TEST,gs://images_repo_bdcc_train/img/01794fce76f527f3.jpg,Car
TEST,gs://images_repo_bdcc_train/img/0179ee390ed1d47a.jpg,Car
TEST,gs://images_repo_bdcc_train/img/017c9ca741927658.jpg,Car
TEST,gs://images_repo_bdcc_train/img/0181ee7c5c6a7a7f.jpg,Car
TEST,gs://images_repo_bdcc_train/img/0183cf2e08e5e56a.jpg,Car
TEST,gs://images_repo_bdcc_train/img/01874c92fdcb9199.jpg,Car
TEST,gs://images_repo_bdcc_train/img/01883fb28906dbb3.jpg,Car
TEST,gs://images_repo_bdcc_train/img/018c62ef8e0a3b57.jpg,Car
TRAIN,gs://images_repo_bdcc_train/img/0197090b3dee1c7c.jpg,Helicopter
TRAIN,gs://images_repo_bdcc_train/img/01d4c269fd96589d.jpg,Helicopter
TRAIN,gs://images_repo_bdcc_train/img/0204804372dbe100.jpg,Helicopter
TRAIN,gs://images_repo_bdcc_train/img/02740bd014f93ba1.jpg,Helicopter
TRAIN,gs://images_repo_bdcc_train/img/028d604264df1e8c.jpg,Helicopter
TRAIN,gs://images_repo_bdcc_train/img/035a3461ea6d50da.jpg,Helicopter
TRAIN,gs://images_repo_bdcc_train/img/048afbb87d6e961b.jpg,Helicopter
TRAIN,gs://images_repo_bdcc_train/img/0498adba9d91f543.jpg,Helicopter
TRAIN,gs://images_repo_bdcc_train/img/049b33e06c85a9a1.jpg,Helicopter
TRAIN,gs://images_repo_bdcc_train/img/04a8edff0b563d43.jpg,Helicopter
TRAIN,gs://images_repo_bdcc_train/img/056249bb8042c8eb.jpg,Helicopter
TRAIN,gs://images_repo_bdcc_train/img/057d41f287cecf96.jpg,Helicopter
TRAIN,gs://images_repo_bdcc_train/img/05a8caf0995b6f34.jpg,Helicopter
TRAIN,gs://images_repo_bdcc_train/img/05b9503dc50fce57.jpg,Helicopter
TRAIN,gs://images_repo_bdcc_train/img/064639919e64dbec.jpg,Helicopter
TRAIN,gs://images_repo_bdcc_train/img/06891748d470d513.jpg,Helicopter
TRAIN,gs://images_repo_bdcc_train/img/06bef8fb83950b09.jpg,Helicopter
TRAIN,gs://images_repo_bdcc_train/img/06c003abdab840e2.jpg,Helicopter
TRAIN,gs://images_repo_bdcc_train/img/0813036aae286fd2.jpg,Helicopter
TRAIN,gs://images_repo_bdcc_train/img/0815c84abc90de72.jpg,Helicopter
TRAIN,gs://images_repo_bdcc_train/img/08e06ab5ac552ffb.jpg,Helicopter
TRAIN,gs://images_repo_bdcc_train/img/0afb5187b4b5c2c6.jpg,Helicopter
TRAIN,gs://images_repo_bdcc_train/img/0b181999f59775db.jpg,Helicopter
TRAIN,gs://images_repo_bdcc_train/img/0b323e90451dcac4.jpg,Helicopter
TRAIN,gs://images_repo_bdcc_train/img/0b739c057071e98e.jpg,Helicopter
TRAIN,gs://images_repo_bdcc_train/img/0cb94bfe72d1e562.jpg,Helicopter
TRAIN,gs://images_repo_bdcc_train/img/0da34862b9e819c4.jpg,Helicopter
TRAIN,gs://images_repo_bdcc_train/img/0e6a900d8a33ba98.jpg,Helicopter
TRAIN,gs://images_repo_bdcc_train/img/0f0f6e9d8badbf89.jpg,Helicopter
TRAIN,gs://images_repo_bdcc_train/img/0f13aed11e4f4bed.jpg,Helicopter
TRAIN,gs://images_repo_bdcc_train/img/0f552b4709225de2.jpg,Helicopter
TRAIN,gs://images_repo_bdcc_train/img/0fb3ff3c5dc3f6f4.jpg,Helicopter
TRAIN,gs://images_repo_bdcc_train/img/126a6931457116f4.jpg,Helicopter
TRAIN,gs://images_repo_bdcc_train/img/1312406693d04c99.jpg,Helicopter
TRAIN,gs://images_repo_bdcc_train/img/135b27cd183bb8ea.jpg,Helicopter
TRAIN,gs://images_repo_bdcc_train/img/13ab0b1d1d50460a.jpg,Helicopter
TRAIN,gs://images_repo_bdcc_train/img/14c70cfcc899ce63.jpg,Helicopter
TRAIN,gs://images_repo_bdcc_train/img/1557eb6534064731.jpg,Helicopter
TRAIN,gs://images_repo_bdcc_train/img/155b6322f29f061d.jpg,Helicopter
TRAIN,gs://images_repo_bdcc_train/img/16438d06656b7b04.jpg,Helicopter
TRAIN,gs://images_repo_bdcc_train/img/165827f2776a5842.jpg,Helicopter
TRAIN,gs://images_repo_bdcc_train/img/16aff35c5c0b627d.jpg,Helicopter
TRAIN,gs://images_repo_bdcc_train/img/17720acee9f04f84.jpg,Helicopter
TRAIN,gs://images_repo_bdcc_train/img/177c7ababe96d40b.jpg,Helicopter
TRAIN,gs://images_repo_bdcc_train/img/18faa077cc1c669e.jpg,Helicopter
TRAIN,gs://images_repo_bdcc_train/img/19aea1131ce9e324.jpg,Helicopter
TRAIN,gs://images_repo_bdcc_train/img/1b61602ef11cf850.jpg,Helicopter
TRAIN,gs://images_repo_bdcc_train/img/1c529e2589f48aae.jpg,Helicopter
TRAIN,gs://images_repo_bdcc_train/img/1cf9fb9b0c356f1f.jpg,Helicopter
TRAIN,gs://images_repo_bdcc_train/img/1e16e24a5302f1ad.jpg,Helicopter
TRAIN,gs://images_repo_bdcc_train/img/1e9478398f989446.jpg,Helicopter
TRAIN,gs://images_repo_bdcc_train/img/1f10c3876e47caee.jpg,Helicopter
TRAIN,gs://images_repo_bdcc_train/img/208205ba0d290b49.jpg,Helicopter
TRAIN,gs://images_repo_bdcc_train/img/208fa87d9a0b3706.jpg,Helicopter
TRAIN,gs://images_repo_bdcc_train/img/20bc436be6a40515.jpg,Helicopter
TRAIN,gs://images_repo_bdcc_train/img/20c5d948d598b080.jpg,Helicopter
TRAIN,gs://images_repo_bdcc_train/img/217b7bfbf4092e95.jpg,Helicopter
TRAIN,gs://images_repo_bdcc_train/img/21b5b30f71218fcd.jpg,Helicopter
TRAIN,gs://images_repo_bdcc_train/img/222bff78cdd00b07.jpg,Helicopter
TRAIN,gs://images_repo_bdcc_train/img/22db9af570a18074.jpg,Helicopter
TRAIN,gs://images_repo_bdcc_train/img/234ccba554a59966.jpg,Helicopter
TRAIN,gs://images_repo_bdcc_train/img/23c90df41e0b50a1.jpg,Helicopter
TRAIN,gs://images_repo_bdcc_train/img/240a1f0ae59e1f3e.jpg,Helicopter
TRAIN,gs://images_repo_bdcc_train/img/242366808c290192.jpg,Helicopter
TRAIN,gs://images_repo_bdcc_train/img/24293b5c4efdfaf5.jpg,Helicopter
TRAIN,gs://images_repo_bdcc_train/img/2631b1d7557c9d58.jpg,Helicopter
TRAIN,gs://images_repo_bdcc_train/img/2675e3b3a8482659.jpg,Helicopter
TRAIN,gs://images_repo_bdcc_train/img/267cc0748d95f977.jpg,Helicopter
TRAIN,gs://images_repo_bdcc_train/img/272ab4e56f9b2a87.jpg,Helicopter
TRAIN,gs://images_repo_bdcc_train/img/2734421e36d2915f.jpg,Helicopter
TRAIN,gs://images_repo_bdcc_train/img/273bcac28702c578.jpg,Helicopter
TRAIN,gs://images_repo_bdcc_train/img/27e7acbaa9404329.jpg,Helicopter
TRAIN,gs://images_repo_bdcc_train/img/2828ad49238953f5.jpg,Helicopter
TRAIN,gs://images_repo_bdcc_train/img/2893b666acf1194f.jpg,Helicopter
TRAIN,gs://images_repo_bdcc_train/img/295c991922e93bd0.jpg,Helicopter
TRAIN,gs://images_repo_bdcc_train/img/2a1fbe7b63e60cb5.jpg,Helicopter
TRAIN,gs://images_repo_bdcc_train/img/2a21af6f75e7a1c1.jpg,Helicopter
TRAIN,gs://images_repo_bdcc_train/img/2ab62594440fab78.jpg,Helicopter
TRAIN,gs://images_repo_bdcc_train/img/2b3907cfc1a3e15a.jpg,Helicopter
TRAIN,gs://images_repo_bdcc_train/img/2cfed0e88b59ab94.jpg,Helicopter
VALIDATION,gs://images_repo_bdcc_train/img/2d531d9fc871b085.jpg,Helicopter
VALIDATION,gs://images_repo_bdcc_train/img/2d569ac00bea0d4c.jpg,Helicopter
VALIDATION,gs://images_repo_bdcc_train/img/2d7e0eed3fa9efe8.jpg,Helicopter
VALIDATION,gs://images_repo_bdcc_train/img/2d923f1ba69bbdc7.jpg,Helicopter
VALIDATION,gs://images_repo_bdcc_train/img/2de1f4fa0986e690.jpg,Helicopter
VALIDATION,gs://images_repo_bdcc_train/img/2dfd9997efb884e0.jpg,Helicopter
VALIDATION,gs://images_repo_bdcc_train/img/2e8dffb28ef46a06.jpg,Helicopter
VALIDATION,gs://images_repo_bdcc_train/img/2f0ebb3ca329c6e4.jpg,Helicopter
VALIDATION,gs://images_repo_bdcc_train/img/3060e1b2ce2f0925.jpg,Helicopter
VALIDATION,gs://images_repo_bdcc_train/img/31420fa43ba0d71d.jpg,Helicopter
TEST,gs://images_repo_bdcc_train/img/319380e4512b9dd4.jpg,Helicopter
TEST,gs://images_repo_bdcc_train/img/329c9b73a4d79f29.jpg,Helicopter
TEST,gs://images_repo_bdcc_train/img/32d4678aa74d9b57.jpg,Helicopter
TEST,gs://images_repo_bdcc_train/img/3312b9d435e82cee.jpg,Helicopter
TEST,gs://images_repo_bdcc_train/img/333af1aa3477afa0.jpg,Helicopter
TEST,gs://images_repo_bdcc_train/img/3517d943cb79b74b.jpg,Helicopter
TEST,gs://images_repo_bdcc_train/img/35d9c9df776e7839.jpg,Helicopter
TEST,gs://images_repo_bdcc_train/img/362f2d077f4cdd09.jpg,Helicopter
TEST,gs://images_repo_bdcc_train/img/363aa4cff62de7a6.jpg,Helicopter
TEST,gs://images_repo_bdcc_train/img/36670c379cd4d581.jpg,Helicopter
TRAIN,gs://images_repo_bdcc_train/img/0013a0927e6bbefc.jpg,Motorcycle
TRAIN,gs://images_repo_bdcc_train/img/00dababf772c58ec.jpg,Motorcycle
TRAIN,gs://images_repo_bdcc_train/img/00de2ece78fcd2b2.jpg,Motorcycle
TRAIN,gs://images_repo_bdcc_train/img/014ed795e501662f.jpg,Motorcycle
TRAIN,gs://images_repo_bdcc_train/img/023c7d986f64b55e.jpg,Motorcycle
TRAIN,gs://images_repo_bdcc_train/img/02c41bf9d19fbae4.jpg,Motorcycle
TRAIN,gs://images_repo_bdcc_train/img/03d80a6b7334ee7b.jpg,Motorcycle
TRAIN,gs://images_repo_bdcc_train/img/042676f6b5eba097.jpg,Motorcycle
TRAIN,gs://images_repo_bdcc_train/img/04c94d94a205c7e2.jpg,Motorcycle
TRAIN,gs://images_repo_bdcc_train/img/051bcba3867f4a45.jpg,Motorcycle
TRAIN,gs://images_repo_bdcc_train/img/062261a4ce80965e.jpg,Motorcycle
TRAIN,gs://images_repo_bdcc_train/img/0745beb7a3b3d4e3.jpg,Motorcycle
TRAIN,gs://images_repo_bdcc_train/img/08a67848b41f0511.jpg,Motorcycle
TRAIN,gs://images_repo_bdcc_train/img/08eb9697d767c481.jpg,Motorcycle
TRAIN,gs://images_repo_bdcc_train/img/0a7c7f278529d0e0.jpg,Motorcycle
TRAIN,gs://images_repo_bdcc_train/img/0a8da32e8ee3c54f.jpg,Motorcycle
TRAIN,gs://images_repo_bdcc_train/img/0b3cee81b907aa24.jpg,Motorcycle
TRAIN,gs://images_repo_bdcc_train/img/0b4854f95ff858c7.jpg,Motorcycle
TRAIN,gs://images_repo_bdcc_train/img/0ba4a702f67ab14d.jpg,Motorcycle
TRAIN,gs://images_repo_bdcc_train/img/0be68cb951208dc2.jpg,Motorcycle
TRAIN,gs://images_repo_bdcc_train/img/0c119fb0a2f0d63b.jpg,Motorcycle
TRAIN,gs://images_repo_bdcc_train/img/0c65e368f3e3d414.jpg,Motorcycle
TRAIN,gs://images_repo_bdcc_train/img/0d8af2d90f9679e2.jpg,Motorcycle
TRAIN,gs://images_repo_bdcc_train/img/0dc0f3466796b3f4.jpg,Motorcycle
TRAIN,gs://images_repo_bdcc_train/img/0e3fc50a46e054f5.jpg,Motorcycle
TRAIN,gs://images_repo_bdcc_train/img/0edd8f0501350781.jpg,Motorcycle
TRAIN,gs://images_repo_bdcc_train/img/0f29e6dcd8efa172.jpg,Motorcycle
TRAIN,gs://images_repo_bdcc_train/img/0f8b7f940986d98b.jpg,Motorcycle
TRAIN,gs://images_repo_bdcc_train/img/10644f516604217c.jpg,Motorcycle
TRAIN,gs://images_repo_bdcc_train/img/109754ea6e523d5b.jpg,Motorcycle
TRAIN,gs://images_repo_bdcc_train/img/10f0b6cfe8e9c4c5.jpg,Motorcycle
TRAIN,gs://images_repo_bdcc_train/img/1121ce4fa2829c32.jpg,Motorcycle
TRAIN,gs://images_repo_bdcc_train/img/1176d60362eb2895.jpg,Motorcycle
TRAIN,gs://images_repo_bdcc_train/img/11c01215f96223fc.jpg,Motorcycle
TRAIN,gs://images_repo_bdcc_train/img/125b58cefaa07718.jpg,Motorcycle
TRAIN,gs://images_repo_bdcc_train/img/134bf4d0af67e527.jpg,Motorcycle
TRAIN,gs://images_repo_bdcc_train/img/137898e7570113ab.jpg,Motorcycle
TRAIN,gs://images_repo_bdcc_train/img/14214e3f5879ef39.jpg,Motorcycle
TRAIN,gs://images_repo_bdcc_train/img/15588d2079a35327.jpg,Motorcycle
TRAIN,gs://images_repo_bdcc_train/img/156e19aaa8ad66dd.jpg,Motorcycle
TRAIN,gs://images_repo_bdcc_train/img/1858f05255e4bf62.jpg,Motorcycle
TRAIN,gs://images_repo_bdcc_train/img/1913d60e4311e419.jpg,Motorcycle
TRAIN,gs://images_repo_bdcc_train/img/19236c7246a7c659.jpg,Motorcycle
TRAIN,gs://images_repo_bdcc_train/img/19c5aef12b8c7f65.jpg,Motorcycle
TRAIN,gs://images_repo_bdcc_train/img/1c1e557f2682c779.jpg,Motorcycle
TRAIN,gs://images_repo_bdcc_train/img/1c978ce085f21e56.jpg,Motorcycle
TRAIN,gs://images_repo_bdcc_train/img/1d428351e2d5a8d3.jpg,Motorcycle
TRAIN,gs://images_repo_bdcc_train/img/1d507080489d381d.jpg,Motorcycle
TRAIN,gs://images_repo_bdcc_train/img/1e2226bc394277ab.jpg,Motorcycle
TRAIN,gs://images_repo_bdcc_train/img/1eef9e817a74047e.jpg,Motorcycle
TRAIN,gs://images_repo_bdcc_train/img/1f2afd4a5761e55e.jpg,Motorcycle
TRAIN,gs://images_repo_bdcc_train/img/1f8c7b5798fc5545.jpg,Motorcycle
TRAIN,gs://images_repo_bdcc_train/img/1f9e21fd822b6921.jpg,Motorcycle
TRAIN,gs://images_repo_bdcc_train/img/207d45d161a5049f.jpg,Motorcycle
TRAIN,gs://images_repo_bdcc_train/img/218b0009fe9e90d6.jpg,Motorcycle
TRAIN,gs://images_repo_bdcc_train/img/2221fa0eeb786453.jpg,Motorcycle
TRAIN,gs://images_repo_bdcc_train/img/23df6a4272d1791a.jpg,Motorcycle
TRAIN,gs://images_repo_bdcc_train/img/2441a7a6ef2dddf6.jpg,Motorcycle
TRAIN,gs://images_repo_bdcc_train/img/24770a64bb8b0263.jpg,Motorcycle
TRAIN,gs://images_repo_bdcc_train/img/24d38da7a036e8fd.jpg,Motorcycle
TRAIN,gs://images_repo_bdcc_train/img/25c1ba4b9caff840.jpg,Motorcycle
TRAIN,gs://images_repo_bdcc_train/img/2698e4fc0a5b01da.jpg,Motorcycle
TRAIN,gs://images_repo_bdcc_train/img/26a586c485204de3.jpg,Motorcycle
TRAIN,gs://images_repo_bdcc_train/img/26b66fb6e35707bd.jpg,Motorcycle
TRAIN,gs://images_repo_bdcc_train/img/26b8a97e8bb250aa.jpg,Motorcycle
TRAIN,gs://images_repo_bdcc_train/img/26d6ea6b517b3f12.jpg,Motorcycle
TRAIN,gs://images_repo_bdcc_train/img/27af2ae8a9012963.jpg,Motorcycle
TRAIN,gs://images_repo_bdcc_train/img/27f103fc9b187521.jpg,Motorcycle
TRAIN,gs://images_repo_bdcc_train/img/28a5af092bdc61a7.jpg,Motorcycle
TRAIN,gs://images_repo_bdcc_train/img/29f506fb37c411c6.jpg,Motorcycle
TRAIN,gs://images_repo_bdcc_train/img/2aa0939e6d7c768d.jpg,Motorcycle
TRAIN,gs://images_repo_bdcc_train/img/2bd6206114824f94.jpg,Motorcycle
TRAIN,gs://images_repo_bdcc_train/img/2d61e9645fa09c07.jpg,Motorcycle
TRAIN,gs://images_repo_bdcc_train/img/2e29476a8d09a7de.jpg,Motorcycle
TRAIN,gs://images_repo_bdcc_train/img/2e6d87c87781a8d2.jpg,Motorcycle
TRAIN,gs://images_repo_bdcc_train/img/2f1da0f9164714fa.jpg,Motorcycle
TRAIN,gs://images_repo_bdcc_train/img/3062896a818e5422.jpg,Motorcycle
TRAIN,gs://images_repo_bdcc_train/img/316e43ad673ef80a.jpg,Motorcycle
TRAIN,gs://images_repo_bdcc_train/img/31a92949f956f4c1.jpg,Motorcycle
TRAIN,gs://images_repo_bdcc_train/img/31e9e28fd5dd60c7.jpg,Motorcycle
VALIDATION,gs://images_repo_bdcc_train/img/322e7fbef074cc21.jpg,Motorcycle
VALIDATION,gs://images_repo_bdcc_train/img/325aca6a6e4772fe.jpg,Motorcycle
VALIDATION,gs://images_repo_bdcc_train/img/3263d600b78a57b3.jpg,Motorcycle
VALIDATION,gs://images_repo_bdcc_train/img/342dafd4528c106f.jpg,Motorcycle
VALIDATION,gs://images_repo_bdcc_train/img/347b50b4500f1e48.jpg,Motorcycle
VALIDATION,gs://images_repo_bdcc_train/img/3481b6cbfcbd6a90.jpg,Motorcycle
VALIDATION,gs://images_repo_bdcc_train/img/349264eaecc50cb5.jpg,Motorcycle
VALIDATION,gs://images_repo_bdcc_train/img/35e2c4b92694e748.jpg,Motorcycle
VALIDATION,gs://images_repo_bdcc_train/img/3623f736e228da04.jpg,Motorcycle
VALIDATION,gs://images_repo_bdcc_train/img/366c681e63d08667.jpg,Motorcycle
TEST,gs://images_repo_bdcc_train/img/378083e548bc8afa.jpg,Motorcycle
TEST,gs://images_repo_bdcc_train/img/38747313317ded50.jpg,Motorcycle
TEST,gs://images_repo_bdcc_train/img/38ad43a236c5846c.jpg,Motorcycle
TEST,gs://images_repo_bdcc_train/img/38c842121646aea4.jpg,Motorcycle
TEST,gs://images_repo_bdcc_train/img/38e148a27254c701.jpg,Motorcycle
TEST,gs://images_repo_bdcc_train/img/38e19a435e326237.jpg,Motorcycle
TEST,gs://images_repo_bdcc_train/img/39516613b0b556e2.jpg,Motorcycle
TEST,gs://images_repo_bdcc_train/img/39c4c1840b60523c.jpg,Motorcycle
TEST,gs://images_repo_bdcc_train/img/39ce8608956a4ba1.jpg,Motorcycle
TEST,gs://images_repo_bdcc_train/img/3a2a2e9b95557cfb.jpg,Motorcycle
TRAIN,gs://images_repo_bdcc_train/img/00fa86219a15b740.jpg,Skateboard
TRAIN,gs://images_repo_bdcc_train/img/043bc5bc1d1c6216.jpg,Skateboard
TRAIN,gs://images_repo_bdcc_train/img/055aa9c8e194b5a4.jpg,Skateboard
TRAIN,gs://images_repo_bdcc_train/img/060871e66b31ee84.jpg,Skateboard
TRAIN,gs://images_repo_bdcc_train/img/08c787ded8a759aa.jpg,Skateboard
TRAIN,gs://images_repo_bdcc_train/img/0abd9b5a17d54942.jpg,Skateboard
TRAIN,gs://images_repo_bdcc_train/img/0af7495ce8c2f098.jpg,Skateboard
TRAIN,gs://images_repo_bdcc_train/img/0e31ebad0d8cd2ae.jpg,Skateboard
TRAIN,gs://images_repo_bdcc_train/img/1233f9bfe534bfec.jpg,Skateboard
TRAIN,gs://images_repo_bdcc_train/img/15112b2548af8225.jpg,Skateboard
TRAIN,gs://images_repo_bdcc_train/img/1552d635ebcb85ae.jpg,Skateboard
TRAIN,gs://images_repo_bdcc_train/img/196eadadf8bbce12.jpg,Skateboard
TRAIN,gs://images_repo_bdcc_train/img/1a763572bc101798.jpg,Skateboard
TRAIN,gs://images_repo_bdcc_train/img/1aa10fee2d5f8aa0.jpg,Skateboard
TRAIN,gs://images_repo_bdcc_train/img/1c041c9980eb0ed3.jpg,Skateboard
TRAIN,gs://images_repo_bdcc_train/img/1c5af1d984d53333.jpg,Skateboard
TRAIN,gs://images_repo_bdcc_train/img/1f10bf027dd61af4.jpg,Skateboard
TRAIN,gs://images_repo_bdcc_train/img/20bf31d6c3dca876.jpg,Skateboard
TRAIN,gs://images_repo_bdcc_train/img/212c0358ed156e13.jpg,Skateboard
TRAIN,gs://images_repo_bdcc_train/img/256f1eeaf5cb433c.jpg,Skateboard
TRAIN,gs://images_repo_bdcc_train/img/2bd04cdee286a589.jpg,Skateboard
TRAIN,gs://images_repo_bdcc_train/img/2f823f61672c9629.jpg,Skateboard
TRAIN,gs://images_repo_bdcc_train/img/2f96c2ce91d68233.jpg,Skateboard
TRAIN,gs://images_repo_bdcc_train/img/2fa0242371280246.jpg,Skateboard
TRAIN,gs://images_repo_bdcc_train/img/2fdb25f2d29f9efa.jpg,Skateboard
TRAIN,gs://images_repo_bdcc_train/img/33275cea5dfbeb34.jpg,Skateboard
TRAIN,gs://images_repo_bdcc_train/img/35395bbb7a5d4e10.jpg,Skateboard
TRAIN,gs://images_repo_bdcc_train/img/3542231e42dc54cf.jpg,Skateboard
TRAIN,gs://images_repo_bdcc_train/img/35570ee4a17d832b.jpg,Skateboard
TRAIN,gs://images_repo_bdcc_train/img/3a8d123abc28d4dc.jpg,Skateboard
TRAIN,gs://images_repo_bdcc_train/img/3b12c4f7edd1eedb.jpg,Skateboard
TRAIN,gs://images_repo_bdcc_train/img/3e425877861d0ade.jpg,Skateboard
TRAIN,gs://images_repo_bdcc_train/img/403f55a196f61327.jpg,Skateboard
TRAIN,gs://images_repo_bdcc_train/img/426f6b665d06fbaf.jpg,Skateboard
TRAIN,gs://images_repo_bdcc_train/img/436dc60472022f84.jpg,Skateboard
TRAIN,gs://images_repo_bdcc_train/img/4394fd19d29eaa73.jpg,Skateboard
TRAIN,gs://images_repo_bdcc_train/img/44a9991210c2e2e0.jpg,Skateboard
TRAIN,gs://images_repo_bdcc_train/img/4555b8698ca652f5.jpg,Skateboard
TRAIN,gs://images_repo_bdcc_train/img/46b9b6c9e3d4e6df.jpg,Skateboard
TRAIN,gs://images_repo_bdcc_train/img/474657174aa4e08d.jpg,Skateboard
TRAIN,gs://images_repo_bdcc_train/img/4a23fe53d498caa9.jpg,Skateboard
TRAIN,gs://images_repo_bdcc_train/img/4fa04a0d40bc46df.jpg,Skateboard
TRAIN,gs://images_repo_bdcc_train/img/4fea184a533da5e6.jpg,Skateboard
TRAIN,gs://images_repo_bdcc_train/img/5038a8326e39b682.jpg,Skateboard
TRAIN,gs://images_repo_bdcc_train/img/50879bd476ef5eb4.jpg,Skateboard
TRAIN,gs://images_repo_bdcc_train/img/5244864612b0d730.jpg,Skateboard
TRAIN,gs://images_repo_bdcc_train/img/52c747f8dd6883f8.jpg,Skateboard
TRAIN,gs://images_repo_bdcc_train/img/574c5b51b6af430d.jpg,Skateboard
TRAIN,gs://images_repo_bdcc_train/img/5fdee4a3f5e3bb28.jpg,Skateboard
TRAIN,gs://images_repo_bdcc_train/img/64e243fe6ac3f62c.jpg,Skateboard
TRAIN,gs://images_repo_bdcc_train/img/672a13d630acd6a1.jpg,Skateboard
TRAIN,gs://images_repo_bdcc_train/img/67bb44146421bef8.jpg,Skateboard
TRAIN,gs://images_repo_bdcc_train/img/67fc00cbfdf7252d.jpg,Skateboard
TRAIN,gs://images_repo_bdcc_train/img/6921d9c3f29e9a19.jpg,Skateboard
TRAIN,gs://images_repo_bdcc_train/img/69b8cfca3dee9994.jpg,Skateboard
TRAIN,gs://images_repo_bdcc_train/img/6c27f89d9081572e.jpg,Skateboard
TRAIN,gs://images_repo_bdcc_train/img/6d32e9d0ea35e5e2.jpg,Skateboard
TRAIN,gs://images_repo_bdcc_train/img/6d4f29a43f5bf4ff.jpg,Skateboard
TRAIN,gs://images_repo_bdcc_train/img/6f8f4097a2f50e91.jpg,Skateboard
TRAIN,gs://images_repo_bdcc_train/img/70878bd6dcf73fc4.jpg,Skateboard
TRAIN,gs://images_repo_bdcc_train/img/711111dfec4d01d4.jpg,Skateboard
TRAIN,gs://images_repo_bdcc_train/img/71b3dd2f5c247abc.jpg,Skateboard
TRAIN,gs://images_repo_bdcc_train/img/730d2930189277d8.jpg,Skateboard
TRAIN,gs://images_repo_bdcc_train/img/77c2413d919bdf18.jpg,Skateboard
TRAIN,gs://images_repo_bdcc_train/img/784295e0bb821d03.jpg,Skateboard
TRAIN,gs://images_repo_bdcc_train/img/78d606fe0ef13f04.jpg,Skateboard
TRAIN,gs://images_repo_bdcc_train/img/7a3e6fea7b46e1ac.jpg,Skateboard
TRAIN,gs://images_repo_bdcc_train/img/7c718f850fba4d2f.jpg,Skateboard
TRAIN,gs://images_repo_bdcc_train/img/7ce0a38f7c7fc803.jpg,Skateboard
TRAIN,gs://images_repo_bdcc_train/img/7ece678c0248c714.jpg,Skateboard
TRAIN,gs://images_repo_bdcc_train/img/80495db1a675f616.jpg,Skateboard
TRAIN,gs://images_repo_bdcc_train/img/84c9275bc7ee7bf6.jpg,Skateboard
TRAIN,gs://images_repo_bdcc_train/img/86394dc406d80559.jpg,Skateboard
TRAIN,gs://images_repo_bdcc_train/img/8829793fe54f123c.jpg,Skateboard
TRAIN,gs://images_repo_bdcc_train/img/8dcf32e68c478a84.jpg,Skateboard
TRAIN,gs://images_repo_bdcc_train/img/8f6e4c564f8fb824.jpg,Skateboard
TRAIN,gs://images_repo_bdcc_train/img/9074377571d2f854.jpg,Skateboard
TRAIN,gs://images_repo_bdcc_train/img/90eb07f07bac95f3.jpg,Skateboard
TRAIN,gs://images_repo_bdcc_train/img/917a0ee50293cca0.jpg,Skateboard
TRAIN,gs://images_repo_bdcc_train/img/93c9ebd009f6412e.jpg,Skateboard
VALIDATION,gs://images_repo_bdcc_train/img/949f7f95ea4c9b42.jpg,Skateboard
VALIDATION,gs://images_repo_bdcc_train/img/94bc4ba801b3383c.jpg,Skateboard
VALIDATION,gs://images_repo_bdcc_train/img/95ed579ee1c31eb5.jpg,Skateboard
VALIDATION,gs://images_repo_bdcc_train/img/95f1f7c069a97306.jpg,Skateboard
VALIDATION,gs://images_repo_bdcc_train/img/96ac147f347d1619.jpg,Skateboard
VALIDATION,gs://images_repo_bdcc_train/img/9850fe53a643d854.jpg,Skateboard
VALIDATION,gs://images_repo_bdcc_train/img/9adb2fbb7e1c9158.jpg,Skateboard
VALIDATION,gs://images_repo_bdcc_train/img/9b58f08d97b136ec.jpg,Skateboard
VALIDATION,gs://images_repo_bdcc_train/img/9cbedb210fea8c79.jpg,Skateboard
VALIDATION,gs://images_repo_bdcc_train/img/9d618dd78caadeec.jpg,Skateboard
TEST,gs://images_repo_bdcc_train/img/9dd970042fdef9ea.jpg,Skateboard
TEST,gs://images_repo_bdcc_train/img/a0c5e577c169edb2.jpg,Skateboard
TEST,gs://images_repo_bdcc_train/img/a12da810b2390985.jpg,Skateboard
TEST,gs://images_repo_bdcc_train/img/a29aed5eead82db5.jpg,Skateboard
TEST,gs://images_repo_bdcc_train/img/a3ccc3bc3ede7547.jpg,Skateboard
TEST,gs://images_repo_bdcc_train/img/a6cf20ffe94a1035.jpg,Skateboard
TEST,gs://images_repo_bdcc_train/img/a84a776960caa896.jpg,Skateboard
TEST,gs://images_repo_bdcc_train/img/a95dc5629f599ea4.jpg,Skateboard
TEST,gs://images_repo_bdcc_train/img/ab5670f18cd3fff8.jpg,Skateboard
TEST,gs://images_repo_bdcc_train/img/acd5958bdeae498c.jpg,Skateboard
TRAIN,gs://images_repo_bdcc_train/img/0118804d8fedc568.jpg,Train
TRAIN,gs://images_repo_bdcc_train/img/01e94a3389de3378.jpg,Train
TRAIN,gs://images_repo_bdcc_train/img/0284916969f261ee.jpg,Train
TRAIN,gs://images_repo_bdcc_train/img/032438d1cb5c491e.jpg,Train
TRAIN,gs://images_repo_bdcc_train/img/04fc06e1cd489eff.jpg,Train
TRAIN,gs://images_repo_bdcc_train/img/052f7f8e9864de25.jpg,Train
TRAIN,gs://images_repo_bdcc_train/img/05be35c4d8bc0fb7.jpg,Train
TRAIN,gs://images_repo_bdcc_train/img/06758fd37dafc0ca.jpg,Train
TRAIN,gs://images_repo_bdcc_train/img/0906e6060a150ed5.jpg,Train
TRAIN,gs://images_repo_bdcc_train/img/0aa7797f872ade7f.jpg,Train
TRAIN,gs://images_repo_bdcc_train/img/0ad26b5602f2a939.jpg,Train
TRAIN,gs://images_repo_bdcc_train/img/0c215bc7aafe67d3.jpg,Train
TRAIN,gs://images_repo_bdcc_train/img/0c6ba636362a34cf.jpg,Train
TRAIN,gs://images_repo_bdcc_train/img/0ca85fa00dc8b332.jpg,Train
TRAIN,gs://images_repo_bdcc_train/img/0d086f02ba27de9d.jpg,Train
TRAIN,gs://images_repo_bdcc_train/img/0d556269099a2d09.jpg,Train
TRAIN,gs://images_repo_bdcc_train/img/0da9f22892bb4868.jpg,Train
TRAIN,gs://images_repo_bdcc_train/img/0e41ca13b5a808ee.jpg,Train
TRAIN,gs://images_repo_bdcc_train/img/0f94bc1b8bd88b2f.jpg,Train
TRAIN,gs://images_repo_bdcc_train/img/1152b921a2229700.jpg,Train
TRAIN,gs://images_repo_bdcc_train/img/142f34f028914693.jpg,Train
TRAIN,gs://images_repo_bdcc_train/img/16585a34a88c5a69.jpg,Train
TRAIN,gs://images_repo_bdcc_train/img/16c0b8aeb2eb3257.jpg,Train
TRAIN,gs://images_repo_bdcc_train/img/170386b3b00ae03e.jpg,Train
TRAIN,gs://images_repo_bdcc_train/img/172254a20626b603.jpg,Train
TRAIN,gs://images_repo_bdcc_train/img/17921fe4a55cb9ea.jpg,Train
TRAIN,gs://images_repo_bdcc_train/img/185880a1874b3409.jpg,Train
TRAIN,gs://images_repo_bdcc_train/img/188aebbcb4398ce8.jpg,Train
TRAIN,gs://images_repo_bdcc_train/img/1b5960ad245dd1f0.jpg,Train
TRAIN,gs://images_repo_bdcc_train/img/1cea6438c8ecea44.jpg,Train
TRAIN,gs://images_repo_bdcc_train/img/1e35c8c1c3a20446.jpg,Train
TRAIN,gs://images_repo_bdcc_train/img/1ed16042d8833b73.jpg,Train
TRAIN,gs://images_repo_bdcc_train/img/1f86f38b0b6f26fa.jpg,Train
TRAIN,gs://images_repo_bdcc_train/img/1ffafe2db54bc173.jpg,Train
TRAIN,gs://images_repo_bdcc_train/img/203f561a161541cf.jpg,Train
TRAIN,gs://images_repo_bdcc_train/img/211f3e4ce7fe9225.jpg,Train
TRAIN,gs://images_repo_bdcc_train/img/219c9806e7f7b424.jpg,Train
TRAIN,gs://images_repo_bdcc_train/img/24a097230a40cafa.jpg,Train
TRAIN,gs://images_repo_bdcc_train/img/24b995d60b4af490.jpg,Train
TRAIN,gs://images_repo_bdcc_train/img/26591110b2c0db9f.jpg,Train
TRAIN,gs://images_repo_bdcc_train/img/2698ca98439ea03a.jpg,Train
TRAIN,gs://images_repo_bdcc_train/img/2859a6a4134d92e7.jpg,Train
TRAIN,gs://images_repo_bdcc_train/img/2898ce33bc6ab98a.jpg,Train
TRAIN,gs://images_repo_bdcc_train/img/2ab37fb75e9ecd33.jpg,Train
TRAIN,gs://images_repo_bdcc_train/img/2b49a53da8ce5613.jpg,Train
TRAIN,gs://images_repo_bdcc_train/img/2c413f07c92f2c85.jpg,Train
TRAIN,gs://images_repo_bdcc_train/img/2d76e0b32adc66d1.jpg,Train
TRAIN,gs://images_repo_bdcc_train/img/2de8dfac07e58ba8.jpg,Train
TRAIN,gs://images_repo_bdcc_train/img/2e20ae01dfb88dbf.jpg,Train
TRAIN,gs://images_repo_bdcc_train/img/2e835011071d58f7.jpg,Train
TRAIN,gs://images_repo_bdcc_train/img/2ed4789e985fc6d0.jpg,Train
TRAIN,gs://images_repo_bdcc_train/img/2f73c6456f3a4187.jpg,Train
TRAIN,gs://images_repo_bdcc_train/img/2ff2c290907105ef.jpg,Train
TRAIN,gs://images_repo_bdcc_train/img/303a864be84054b5.jpg,Train
TRAIN,gs://images_repo_bdcc_train/img/319c06a95e1fc4ff.jpg,Train
TRAIN,gs://images_repo_bdcc_train/img/31e131f9a40b3ca4.jpg,Train
TRAIN,gs://images_repo_bdcc_train/img/324ed2b3c27793e2.jpg,Train
TRAIN,gs://images_repo_bdcc_train/img/333dcac99f948537.jpg,Train
TRAIN,gs://images_repo_bdcc_train/img/341e8ca6b30ce306.jpg,Train
TRAIN,gs://images_repo_bdcc_train/img/3579f9b88e4bc534.jpg,Train
TRAIN,gs://images_repo_bdcc_train/img/368b8010472419e4.jpg,Train
TRAIN,gs://images_repo_bdcc_train/img/397d8b440c1280f8.jpg,Train
TRAIN,gs://images_repo_bdcc_train/img/398347f9d0389e91.jpg,Train
TRAIN,gs://images_repo_bdcc_train/img/3a69fd86e4f1b9ec.jpg,Train
TRAIN,gs://images_repo_bdcc_train/img/3b4593a6bcbc2f25.jpg,Train
TRAIN,gs://images_repo_bdcc_train/img/3bbe049c666fc3d8.jpg,Train
TRAIN,gs://images_repo_bdcc_train/img/3d2f6d5a23911ade.jpg,Train
TRAIN,gs://images_repo_bdcc_train/img/3ee48809d453d1eb.jpg,Train
TRAIN,gs://images_repo_bdcc_train/img/418c5ccd80f19e48.jpg,Train
TRAIN,gs://images_repo_bdcc_train/img/41d1746215c55574.jpg,Train
TRAIN,gs://images_repo_bdcc_train/img/423a8c8395ba0d8f.jpg,Train
TRAIN,gs://images_repo_bdcc_train/img/42c11946d23060e8.jpg,Train
TRAIN,gs://images_repo_bdcc_train/img/439f0eb2ecbbda68.jpg,Train
TRAIN,gs://images_repo_bdcc_train/img/43ef0d9ecd6dd4be.jpg,Train
TRAIN,gs://images_repo_bdcc_train/img/455d0f161942ceab.jpg,Train
TRAIN,gs://images_repo_bdcc_train/img/45e173e7945760cc.jpg,Train
TRAIN,gs://images_repo_bdcc_train/img/46644aaf4b32248a.jpg,Train
TRAIN,gs://images_repo_bdcc_train/img/472c81e653de13b8.jpg,Train
TRAIN,gs://images_repo_bdcc_train/img/47f08ac0e6b45e4e.jpg,Train
TRAIN,gs://images_repo_bdcc_train/img/4804bd6995fcb87c.jpg,Train
VALIDATION,gs://images_repo_bdcc_train/img/48086a5609cfd3b4.jpg,Train
VALIDATION,gs://images_repo_bdcc_train/img/485870a7e1bf2ac0.jpg,Train
VALIDATION,gs://images_repo_bdcc_train/img/495700f0e6484c51.jpg,Train
VALIDATION,gs://images_repo_bdcc_train/img/49e28ecb4480adc7.jpg,Train
VALIDATION,gs://images_repo_bdcc_train/img/4cefb5a8e1575b6a.jpg,Train
VALIDATION,gs://images_repo_bdcc_train/img/4d2f895b27ac8a19.jpg,Train
VALIDATION,gs://images_repo_bdcc_train/img/4e4c674d6be24aea.jpg,Train
VALIDATION,gs://images_repo_bdcc_train/img/50d9645d59b41cc6.jpg,Train
VALIDATION,gs://images_repo_bdcc_train/img/5117a87350b5d289.jpg,Train
VALIDATION,gs://images_repo_bdcc_train/img/53cd8383ce043982.jpg,Train
TEST,gs://images_repo_bdcc_train/img/5436a96557a9827e.jpg,Train
TEST,gs://images_repo_bdcc_train/img/561fa5ced633a7f8.jpg,Train
TEST,gs://images_repo_bdcc_train/img/56aa614b315ff621.jpg,Train
TEST,gs://images_repo_bdcc_train/img/56b7b895bbd63f11.jpg,Train
TEST,gs://images_repo_bdcc_train/img/57d90a125dae5ea3.jpg,Train
TEST,gs://images_repo_bdcc_train/img/5894b192dfe78991.jpg,Train
TEST,gs://images_repo_bdcc_train/img/59177cc2011367dd.jpg,Train
TEST,gs://images_repo_bdcc_train/img/593da67c5aebe5bb.jpg,Train
TEST,gs://images_repo_bdcc_train/img/596a615fc6c4c97f.jpg,Train
TEST,gs://images_repo_bdcc_train/img/5a79bde23624632e.jpg,Train
TRAIN,gs://images_repo_bdcc_train/img/000b14e4ee4a2b2b.jpg,Truck
TRAIN,gs://images_repo_bdcc_train/img/008168cfd6dcf2aa.jpg,Truck
TRAIN,gs://images_repo_bdcc_train/img/013393625a45a044.jpg,Truck
TRAIN,gs://images_repo_bdcc_train/img/01456ca4f3f7c488.jpg,Truck
TRAIN,gs://images_repo_bdcc_train/img/01a0cb6c76d4bb10.jpg,Truck
TRAIN,gs://images_repo_bdcc_train/img/01c1459a3238da04.jpg,Truck
TRAIN,gs://images_repo_bdcc_train/img/02b0da8ba5299b0a.jpg,Truck
TRAIN,gs://images_repo_bdcc_train/img/02b95c28d9fffd9c.jpg,Truck
TRAIN,gs://images_repo_bdcc_train/img/02ef4c2638e29d60.jpg,Truck
TRAIN,gs://images_repo_bdcc_train/img/03014954973d3eb7.jpg,Truck
TRAIN,gs://images_repo_bdcc_train/img/03092ceeef16cb24.jpg,Truck
TRAIN,gs://images_repo_bdcc_train/img/03b74dc692aa7795.jpg,Truck
TRAIN,gs://images_repo_bdcc_train/img/0402e1bb287fab7f.jpg,Truck
TRAIN,gs://images_repo_bdcc_train/img/04df23209f8fff01.jpg,Truck
TRAIN,gs://images_repo_bdcc_train/img/04f367c1a6f2e1ae.jpg,Truck
TRAIN,gs://images_repo_bdcc_train/img/052085668b890dee.jpg,Truck
TRAIN,gs://images_repo_bdcc_train/img/0584d798831cb140.jpg,Truck
TRAIN,gs://images_repo_bdcc_train/img/058cf808aa983378.jpg,Truck
TRAIN,gs://images_repo_bdcc_train/img/061bff79d39dd60b.jpg,Truck
TRAIN,gs://images_repo_bdcc_train/img/064832320a7ff7e5.jpg,Truck
TRAIN,gs://images_repo_bdcc_train/img/06b68f6b49ed725a.jpg,Truck
TRAIN,gs://images_repo_bdcc_train/img/06c31185481982c0.jpg,Truck
TRAIN,gs://images_repo_bdcc_train/img/070b6854e9c50606.jpg,Truck
TRAIN,gs://images_repo_bdcc_train/img/07690c1321bd8ecd.jpg,Truck
TRAIN,gs://images_repo_bdcc_train/img/078a2dcd187924b1.jpg,Truck
TRAIN,gs://images_repo_bdcc_train/img/07f8ddcec3a88e33.jpg,Truck
TRAIN,gs://images_repo_bdcc_train/img/085ea58d1b176407.jpg,Truck
TRAIN,gs://images_repo_bdcc_train/img/087c44da858b47da.jpg,Truck
TRAIN,gs://images_repo_bdcc_train/img/087e24da3a4fb200.jpg,Truck
TRAIN,gs://images_repo_bdcc_train/img/08a3f4151684cb4e.jpg,Truck
TRAIN,gs://images_repo_bdcc_train/img/08edfa12ec515c7f.jpg,Truck
TRAIN,gs://images_repo_bdcc_train/img/091103def7a3755c.jpg,Truck
TRAIN,gs://images_repo_bdcc_train/img/09baea0062dc8c4c.jpg,Truck
TRAIN,gs://images_repo_bdcc_train/img/09be88cc3fca6ba9.jpg,Truck
TRAIN,gs://images_repo_bdcc_train/img/09c8d12d63eca7c3.jpg,Truck
TRAIN,gs://images_repo_bdcc_train/img/09ecc579416988ba.jpg,Truck
TRAIN,gs://images_repo_bdcc_train/img/0a2851919500e261.jpg,Truck
TRAIN,gs://images_repo_bdcc_train/img/0a6b075d5d70c26d.jpg,Truck
TRAIN,gs://images_repo_bdcc_train/img/0a8fa6348bb08b8f.jpg,Truck
TRAIN,gs://images_repo_bdcc_train/img/0aa7797f872ade7f.jpg,Truck
TRAIN,gs://images_repo_bdcc_train/img/0b1e6a4229ab1c7a.jpg,Truck
TRAIN,gs://images_repo_bdcc_train/img/0be70c8320c393ef.jpg,Truck
TRAIN,gs://images_repo_bdcc_train/img/0bf08316ef70dfc5.jpg,Truck
TRAIN,gs://images_repo_bdcc_train/img/0bf3ca4cce8ef30a.jpg,Truck
TRAIN,gs://images_repo_bdcc_train/img/0c9df400e45a3789.jpg,Truck
TRAIN,gs://images_repo_bdcc_train/img/0cce4b162239793f.jpg,Truck
TRAIN,gs://images_repo_bdcc_train/img/0cfb55c60e89760d.jpg,Truck
TRAIN,gs://images_repo_bdcc_train/img/0d1b71ce919d875c.jpg,Truck
TRAIN,gs://images_repo_bdcc_train/img/0e0b385c589f378c.jpg,Truck
TRAIN,gs://images_repo_bdcc_train/img/0e45c6e68cfc3980.jpg,Truck
TRAIN,gs://images_repo_bdcc_train/img/0e7bb3dfec62264c.jpg,Truck
TRAIN,gs://images_repo_bdcc_train/img/0e850878b8388c0a.jpg,Truck
TRAIN,gs://images_repo_bdcc_train/img/0e94f6d1982af1f8.jpg,Truck
TRAIN,gs://images_repo_bdcc_train/img/0f09ed7aacd74c59.jpg,Truck
TRAIN,gs://images_repo_bdcc_train/img/0f69c685e13f91f1.jpg,Truck
TRAIN,gs://images_repo_bdcc_train/img/0f78fbcf48b24438.jpg,Truck
TRAIN,gs://images_repo_bdcc_train/img/0faf0a62c38e5d25.jpg,Truck
TRAIN,gs://images_repo_bdcc_train/img/0fb94012bf289f1a.jpg,Truck
TRAIN,gs://images_repo_bdcc_train/img/0fd53fb182ab7497.jpg,Truck
TRAIN,gs://images_repo_bdcc_train/img/10a70d2a9315e4f9.jpg,Truck
TRAIN,gs://images_repo_bdcc_train/img/10ba8c5015746862.jpg,Truck
TRAIN,gs://images_repo_bdcc_train/img/10c2f3d8fcf553a1.jpg,Truck
TRAIN,gs://images_repo_bdcc_train/img/10ea8880c9ca33ce.jpg,Truck
TRAIN,gs://images_repo_bdcc_train/img/11774b26be2ea95e.jpg,Truck
TRAIN,gs://images_repo_bdcc_train/img/1179a47f7a8b87c8.jpg,Truck
TRAIN,gs://images_repo_bdcc_train/img/11be9d62d109c045.jpg,Truck
TRAIN,gs://images_repo_bdcc_train/img/11f73ded58b9fb69.jpg,Truck
TRAIN,gs://images_repo_bdcc_train/img/121a03439248fbc7.jpg,Truck
TRAIN,gs://images_repo_bdcc_train/img/124ae157018e35f5.jpg,Truck
TRAIN,gs://images_repo_bdcc_train/img/124fcb69e3601bb7.jpg,Truck
TRAIN,gs://images_repo_bdcc_train/img/128d2a21f6107e4f.jpg,Truck
TRAIN,gs://images_repo_bdcc_train/img/132613270451f0c9.jpg,Truck
TRAIN,gs://images_repo_bdcc_train/img/133484dd5ad21615.jpg,Truck
TRAIN,gs://images_repo_bdcc_train/img/13370ee6786849c1.jpg,Truck
TRAIN,gs://images_repo_bdcc_train/img/138a92a78193bb7b.jpg,Truck
TRAIN,gs://images_repo_bdcc_train/img/13b2fbcebd99a96f.jpg,Truck
TRAIN,gs://images_repo_bdcc_train/img/13c5e4b5b07c7fb1.jpg,Truck
TRAIN,gs://images_repo_bdcc_train/img/1429673685a074a9.jpg,Truck
TRAIN,gs://images_repo_bdcc_train/img/1447d4193da1b1b9.jpg,Truck
TRAIN,gs://images_repo_bdcc_train/img/144ed45fd4c709d8.jpg,Truck
VALIDATION,gs://images_repo_bdcc_train/img/153c07148ed76343.jpg,Truck
VALIDATION,gs://images_repo_bdcc_train/img/15813840b99c3841.jpg,Truck
VALIDATION,gs://images_repo_bdcc_train/img/15a62749c3f9b332.jpg,Truck
VALIDATION,gs://images_repo_bdcc_train/img/160b331944f36bc1.jpg,Truck
VALIDATION,gs://images_repo_bdcc_train/img/161dde4ca9510a95.jpg,Truck
VALIDATION,gs://images_repo_bdcc_train/img/163972fc3fdc3612.jpg,Truck
VALIDATION,gs://images_repo_bdcc_train/img/164a8e45bc699350.jpg,Truck
VALIDATION,gs://images_repo_bdcc_train/img/16505a4af4fb08ca.jpg,Truck
VALIDATION,gs://images_repo_bdcc_train/img/16c7ceb095f81a9b.jpg,Truck
VALIDATION,gs://images_repo_bdcc_train/img/17511c4ccf39e47d.jpg,Truck
TEST,gs://images_repo_bdcc_train/img/17f487f172878055.jpg,Truck
TEST,gs://images_repo_bdcc_train/img/182f8c415e97b719.jpg,Truck
TEST,gs://images_repo_bdcc_train/img/18382da9ac61384c.jpg,Truck
TEST,gs://images_repo_bdcc_train/img/18602f2c57536823.jpg,Truck
TEST,gs://images_repo_bdcc_train/img/18618e468c9683f6.jpg,Truck
TEST,gs://images_repo_bdcc_train/img/18b74e7f2a75e271.jpg,Truck
TEST,gs://images_repo_bdcc_train/img/19236c7246a7c659.jpg,Truck
TEST,gs://images_repo_bdcc_train/img/197354569841346e.jpg,Truck
TEST,gs://images_repo_bdcc_train/img/198c153925147602.jpg,Truck
TEST,gs://images_repo_bdcc_train/img/1a0c451b336bbe89.jpg,Truck
